conceptType,conceptUri,preferredLabel,status,skillType,reuseLevel,altLabels,description,broaderConceptUri,broaderConceptPT
KnowledgeSkillCompetence,http://data.europa.eu/esco/skill/14832d87-2f2f-4895-b290-e4760ebae42a,επίλυση τεχνικών προβλημάτων,released,skill/competence,cross-sector,,Εντοπισμός τεχνικών προβλημάτων κατά το χειρισμό συσκευών και τη χρήση ψηφιακών περιβαλλόντων και επίλυση αυτών (από την αντιμετώπιση σφαλμάτων έως την επίλυση πιο σύνθετων προβλημάτων).,http://data.europa.eu/esco/skill/7e5147d1-60b1-4a68-804b-1f5cb0396b91 | http://data.europa.eu/esco/skill/a628d2d1-f40a-4c37-a357-2801726f2996 | http://data.europa.eu/esco/skill/0b9968af-72de-470a-98e1-2d19577443fb,επίλυση προβλημάτων με εργαλεία και εξοπλισμό της τεχνολογίας πληροφοριών και επικοινωνιών | εντοπισμός προβλημάτων | επίλυση προβλημάτων πληροφορικής
KnowledgeSkillCompetence,http://data.europa.eu/esco/skill/16a00c69-9c74-4c37-96d7-6301d285e5ce,χρήση ηλεκτρονικών υπηρεσιών,released,skill/competence,cross-sector,δραστηριοποίηση στα κοινά μέσω ψηφιακών τεχνολογιών,Συμμετοχή στην κοινωνία με χρήση δημόσιων και ιδιωτικών ψηφιακών υπηρεσιών. Αναζήτηση ευκαιριών για αυτοενδυνάμωση και συμμετοχή των πολιτών μέσω κατάλληλων ψηφιακών τεχνολογιών.,http://data.europa.eu/esco/skill/574257ea-7b64-4100-b7b6-e27c233fe143 | http://data.europa.eu/esco/skill/98fb499f-9155-412d-a8a0-95ba97126fec,ψηφιακή επικοινωνία και συνεργασία | χρήση ψηφιακών εργαλείων για συνεργασία και παραγωγικότητα
KnowledgeSkillCompetence,http://data.europa.eu/esco/skill/1a4cc54f-1e53-442b-a6d2-1682dc8ef8f9,δημιουργική χρήση ψηφιακών τεχνολογιών,released,skill/competence,cross-sector,,Χρήση ψηφιακών εργαλείων και τεχνολογιών για τη δημιουργία γνώσης και την ανάπτυξη καινοτόμων διαδικασιών και προϊόντων. Συμμετοχή ατομικά και συλλογικά σε γνωστική διεργασία για την κατανόηση και την επίλυση εννοιολογικών προβλημάτων και προβληματικών καταστάσεων σε ψηφιακά περιβάλλοντα.,http://data.europa.eu/esco/skill/7e5147d1-60b1-4a68-804b-1f5cb0396b91 | http://data.europa.eu/esco/skill/98fb499f-9155-412d-a8a0-95ba97126fec,επίλυση προβλημάτων με εργαλεία και εξοπλισμό της τεχνολογίας πληροφοριών και επικοινωνιών | χρήση ψηφιακών εργαλείων για συνεργασία και παραγωγικότητα
KnowledgeSkillCompetence,http://data.europa.eu/esco/skill/1d6c7de4-350e-4868-a47b-333b4b0d9650,"αξιολόγηση δεδομένων, πληροφοριών και ψηφιακού περιεχομένου",released,skill/competence,cross-sector,,"Ανάλυση, σύγκριση και κριτική αξιολόγηση της πιστότητας και της αξιοπιστίας των πηγών δεδομένων, των πληροφοριών και του ψηφιακού περιεχομένου. Ανάλυση, ερμηνεία και κριτική αξιολόγηση των δεδομένων, των πληροφοριών και του ψηφιακού περιεχομένου.",http://data.europa.eu/esco/skill/629685b8-5f9e-4522-8cff-b3e2c4ec625a | http://data.europa.eu/esco/skill/1f2950c0-ef1e-44b4-9a55-125ccd7b78af,ψηφιακή επεξεργασία δεδομένων | ανάλυση και αξιολόγηση πληροφοριών και δεδομένων
KnowledgeSkillCompetence,http://data.europa.eu/esco/skill/21d2f96d-35f7-4e3f-9745-c533d2dd6e97,προγραμματισμός ηλεκτρονικών υπολογιστών,released,knowledge,cross-sector,σύνταξη υπολογιστικού προγράμματος | ανάπτυξη υπολογιστών και λογισµικού | δημιουργία υπολογιστικού προγράμματος,"Οι τεχνικές και οι αρχές ανάπτυξης λογισμικού, όπως είναι η ανάλυση, οι αλγόριθμοι, η συγγραφή κώδικα, οι δοκιμές και η κατάρτιση μοντέλων προγραμματισμού (π.χ. προγραμματισμός προσανατολισμένος στο αντικείμενο, λειτουργικός προγραμματισμός) και γλωσσών προγραμματισμού.",http://data.europa.eu/esco/isced-f/0613,ανάπτυξη και ανάλυση λογισμικού και εφαρμογών
KnowledgeSkillCompetence,http://data.europa.eu/esco/skill/238343b1-7b51-42b3-a9ed-cf24d3a236e7,εντοπισμός ελλείψεων όσον αφορά την ψηφιακή ικανότητα,released,skill/competence,cross-sector,παροχή υποστήριξης για την αντιμετώπιση ελλείψεων όσον αφορά την ψηφιακή ικανότητα,"Κατανόηση των σημείων που χρήζουν βελτίωσης ή επικαιροποίησης σε ό,τι αφορά τις ψηφιακές ικανότητες ενός ατόμου. Ικανότητα παροχής υποστήριξης σε τρίτους για την ανάπτυξη των ψηφιακών τους ικανοτήτων Αναζήτηση ευκαιριών για προσωπική εξέλιξη και συνεχής ενημέρωση σχετικά με τις ψηφιακές εξελίξεις.",http://data.europa.eu/esco/skill/7e5147d1-60b1-4a68-804b-1f5cb0396b91 | http://data.europa.eu/esco/skill/54f7432d-a8b6-4ed4-a50e-9ec882320595,"επίλυση προβλημάτων με εργαλεία και εξοπλισμό της τεχνολογίας πληροφοριών και επικοινωνιών | παρακολούθηση, επιθεώρηση και δοκιμές"
KnowledgeSkillCompetence,http://data.europa.eu/esco/skill/2b34a99f-9813-4c91-9509-b6b9b8c3132e,συνεργασία μέσω ψηφιακών τεχνολογιών,released,skill/competence,cross-sector,,Χρήση ψηφιακών εργαλείων και τεχνολογιών για συνεργατικές διαδικασίες και για συγκατασκευή και συνδημιουργία πόρων και γνώσεων.,http://data.europa.eu/esco/skill/574257ea-7b64-4100-b7b6-e27c233fe143 | http://data.europa.eu/esco/skill/98fb499f-9155-412d-a8a0-95ba97126fec,ψηφιακή επικοινωνία και συνεργασία | χρήση ψηφιακών εργαλείων για συνεργασία και παραγωγικότητα
KnowledgeSkillCompetence,http://data.europa.eu/esco/skill/33a82b83-c838-4889-ae62-fae1317481eb,προστασία των δεδομένων προσωπικού χαρακτήρα και της ιδιωτικής ζωής,released,skill/competence,cross-sector,,"Προστασία των δεδομένων προσωπικού χαρακτήρα και της ιδιωτικής ζωής σε ψηφιακά περιβάλλοντα. Κατανόηση του τρόπου χρήσης και κοινοποίησης προσωπικών πληροφοριών, έχοντας τη δυνατότητα να προστατευτεί και να προστατεύσει τους άλλους από ζημιές. Κατανόηση ότι οι ψηφιακές υπηρεσίες χρησιμοποιούν μια «πολιτική προστασίας προσωπικών δεδομένων» προκειμένου να ενημερώσουν σχετικά με τον τρόπο χρήσης των προσωπικών δεδομένων.",http://data.europa.eu/esco/skill/426ceaba-6867-481c-bb6b-aee3933da7d2 | http://data.europa.eu/esco/skill/2b6e15f5-dfa0-4e7c-9687-5665b07e56a4,ασφάλεια της τεχνολογίας πληροφοριών και επικοινωνιών | προστασία της ιδιωτικής ζωής και των δεδομένων προσωπικού χαρακτήρα
KnowledgeSkillCompetence,http://data.europa.eu/esco/skill/40001d93-8937-4859-89d5-2dca53290ff4,κοινοποίηση δεδομένων μέσω ψηφιακών τεχνολογιών,released,skill/competence,cross-sector,κοινοποίηση πληροφοριών μέσω ψηφιακών τεχνολογιών,"Κοινοποίηση δεδομένων, πληροφοριών και ψηφιακού περιεχομένου σε τρίτους μέσω κατάλληλων ψηφιακών τεχνολογιών. Συμπεριφορά ενδιάμεσου φορέα, γνώση των πρακτικών αναφοράς πηγών και κατόχων πνευματικών δικαιωμάτων.",http://data.europa.eu/esco/skill/574257ea-7b64-4100-b7b6-e27c233fe143 | http://data.europa.eu/esco/skill/98fb499f-9155-412d-a8a0-95ba97126fec,ψηφιακή επικοινωνία και συνεργασία | χρήση ψηφιακών εργαλείων για συνεργασία και παραγωγικότητα
KnowledgeSkillCompetence,http://data.europa.eu/esco/skill/426ceaba-6867-481c-bb6b-aee3933da7d2,ασφάλεια της τεχνολογίας πληροφοριών και επικοινωνιών,released,,,ασφάλεια ΤΠΕ,"Η προσωπική προστασία, η προστασία των δεδομένων, η προστασία της ψηφιακής ταυτότητας, τα μέτρα ασφαλείας, η ασφαλής και βιώσιμη χρήση.",http://data.europa.eu/esco/skill/185c56ee-098f-46a1-af87-56337085da6f,προστασία συσκευών τπε
KnowledgeSkillCompetence,http://data.europa.eu/esco/skill/42fcf80d-7b45-40f3-bd2f-5411c4c0dfa0,προσδιορισμός τεχνολογικών αναγκών,released,skill/competence,cross-sector,,"Αξιολόγηση των αναγκών και προσδιορισμός ψηφιακών εργαλείων και πιθανών τεχνολογικών τρόπων αντιμετώπισης για την επίλυσή τους. Προσαρμογή και εξατομίκευση του ψηφιακού περιβάλλοντος σύμφωνα με τις ατομικές ανάγκες (π.χ. προσβασιμότητα).
	",http://data.europa.eu/esco/skill/7e5147d1-60b1-4a68-804b-1f5cb0396b91 | http://data.europa.eu/esco/skill/aca5081a-ceb0-4028-9cc5-1daafd4f86f9,επίλυση προβλημάτων με εργαλεία και εξοπλισμό της τεχνολογίας πληροφοριών και επικοινωνιών | ανάπτυξη λύσεων
KnowledgeSkillCompetence,http://data.europa.eu/esco/skill/4d97e3c3-f335-47cc-a4ee-0d779fd42222,"διαχείριση δεδομένων, πληροφοριών και ψηφιακού περιεχομένου",released,skill/competence,cross-sector,,"Οργάνωση, αποθήκευση και ανάκτηση δεδομένων, πληροφοριών και περιεχομένου σε ψηφιακά περιβάλλοντα. Οργάνωση και επεξεργασία τους σε ένα δομημένο περιβάλλον.",http://data.europa.eu/esco/skill/629685b8-5f9e-4522-8cff-b3e2c4ec625a | http://data.europa.eu/esco/skill/32c017fd-28ab-4051-bf68-74de952c2f77,ψηφιακή επεξεργασία δεδομένων | διαχείριση πληροφοριών
KnowledgeSkillCompetence,http://data.europa.eu/esco/skill/574257ea-7b64-4100-b7b6-e27c233fe143,ψηφιακή επικοινωνία και συνεργασία,released,,,επικοινωνία και συνεργασία σε ψηφιακό περιβάλλον,"Επικοινωνία σε ψηφιακά περιβάλλοντα, ανταλλαγή πόρων μέσω διαδικτυακών εργαλείων, σύνδεση με άλλους και συνεργασία μέσω ψηφιακών εργαλείων, αλληλεπίδραση με τις κοινότητες και τα δίκτυα και η συμμετοχή σε αυτά, διαπολιτισμική ευαισθητοποίηση.",http://data.europa.eu/esco/skill/98fb499f-9155-412d-a8a0-95ba97126fec,χρήση ψηφιακών εργαλείων για συνεργασία και παραγωγικότητα
KnowledgeSkillCompetence,http://data.europa.eu/esco/skill/5af49836-2269-46d9-87b9-0d3140c6c22e,προσαρμογή και ενσωμάτωση ψηφιακού περιεχομένου,released,skill/competence,cross-sector,,"Τροποποίηση, βελτιστοποίηση, βελτίωση και ενσωμάτωση πληροφοριών και περιεχομένου σε ένα υφιστάμενο σώμα γνώσεων για τη δημιουργία νέου, πρωτότυπου και συναφούς περιεχομένου και γνώσεων.",http://data.europa.eu/esco/skill/f5369f2f-e52b-43d8-8d31-79a6c11188d8 | http://data.europa.eu/esco/skill/98fb499f-9155-412d-a8a0-95ba97126fec,δημιουργία ψηφιακού περιεχομένου | χρήση ψηφιακών εργαλείων για συνεργασία και παραγωγικότητα
KnowledgeSkillCompetence,http://data.europa.eu/esco/skill/5fd5c985-eaaa-47aa-8314-62359c54505a,ανάπτυξη ψηφιακού περιεχομένου,released,skill/competence,cross-sector,,"Δημιουργία και επεξεργασία ψηφιακού περιεχομένου σε διάφορους μορφοτύπους, έκφραση μέσω ψηφιακών μέσων.",http://data.europa.eu/esco/skill/f5369f2f-e52b-43d8-8d31-79a6c11188d8 | http://data.europa.eu/esco/skill/98fb499f-9155-412d-a8a0-95ba97126fec,δημιουργία ψηφιακού περιεχομένου | χρήση ψηφιακών εργαλείων για συνεργασία και παραγωγικότητα
KnowledgeSkillCompetence,http://data.europa.eu/esco/skill/629685b8-5f9e-4522-8cff-b3e2c4ec625a,ψηφιακή επεξεργασία δεδομένων,released,,,,"Αναγνώριση, εντοπισμός, ανάκτηση, αποθήκευση, οργάνωση και ανάλυση ψηφιακών πληροφοριών, βάσει της συνάφειας και του σκοπού τους.",http://data.europa.eu/esco/skill/4d6a48ae-352e-4823-bc3a-3f3e9e2cae86,πρόσβαση και ανάλυση ψηφιακών δεδομένων
KnowledgeSkillCompetence,http://data.europa.eu/esco/skill/7e5147d1-60b1-4a68-804b-1f5cb0396b91,επίλυση προβλημάτων με εργαλεία και εξοπλισμό της τεχνολογίας πληροφοριών και επικοινωνιών,released,,,επίλυση προβλημάτων με εργαλεία και υλισμικό ΤΠΕ | επίλυση προβλημάτων με εργαλεία και εξοπλισμό ΤΠΕ | επίλυση προβλημάτων με εργαλεία και υλισμικό της τεχνολογίας πληροφοριών και επικοινωνιών,"Προσδιορισμός των ψηφιακών αναγκών και πόρων, λήψη τεκμηριωμένων αποφάσεων σχετικά με τα πλέον κατάλληλα ψηφιακά εργαλεία ανάλογα με τον σκοπό ή την ανάγκη, επίλυση των εννοιολογικών προβλημάτων μέσω ψηφιακών μέσων, δημιουργική χρήση τεχνολογιών, επίλυση τεχνικών προβλημάτων, επικαιροποίηση των αρμοδιοτήτων των ιδίων και άλλων.",http://data.europa.eu/esco/skill/98fb499f-9155-412d-a8a0-95ba97126fec,χρήση ψηφιακών εργαλείων για συνεργασία και παραγωγικότητα
KnowledgeSkillCompetence,http://data.europa.eu/esco/skill/a12057b4-6d11-4a12-ab8e-15a028ef0a6d,επικοινωνία μέσω ψηφιακών τεχνολογιών,released,skill/competence,cross-sector,διάδραση μέσω ψηφιακών τεχνολογιών,Αλληλεπίδραση μέσω διαφόρων ψηφιακών τεχνολογιών και κατανόηση των κατάλληλων μέσων ψηφιακής επικοινωνίας σε ένα δεδομένο πλαίσιο.,http://data.europa.eu/esco/skill/574257ea-7b64-4100-b7b6-e27c233fe143 | http://data.europa.eu/esco/skill/98fb499f-9155-412d-a8a0-95ba97126fec,ψηφιακή επικοινωνία και συνεργασία | χρήση ψηφιακών εργαλείων για συνεργασία και παραγωγικότητα
KnowledgeSkillCompetence,http://data.europa.eu/esco/skill/a91732ce-988e-4105-9570-f425c6ffdc82,καθεστώς διανοητικής ιδιοκτησίας ψηφιακού περιεχομένου,released,knowledge,cross-sector,,"Διατάξεις περί δικαιωμάτων πνευματικής ιδιοκτησίας και αδειοδότησης που ισχύουν για τα δεδομένα, τις πληροφορίες και το ψηφιακό περιεχόμενο.
	",http://data.europa.eu/esco/skill/f5369f2f-e52b-43d8-8d31-79a6c11188d8 | http://data.europa.eu/esco/isced-f/0211,δημιουργία ψηφιακού περιεχομένου | τεχνικές και παραγωγή οπτικοακουστικών μέσων
KnowledgeSkillCompetence,http://data.europa.eu/esco/skill/bc0b0b5d-f6be-405a-b224-b6902a4dbe97,διαχείριση ψηφιακής ταυτότητας,released,skill/competence,cross-sector,διαχείριση ψηφιακών ταυτοτήτων | δημιουργία ψηφιακών ταυτοτήτων,"Δημιουργία και διαχείριση μίας ή πολλαπλών ψηφιακών ταυτοτήτων, ικανότητα προστασίας της προσωπικής φήμης, χειρισμός των δεδομένων που παράγονται μέσω διαφόρων ψηφιακών εργαλείων, περιβαλλόντων και υπηρεσιών.",http://data.europa.eu/esco/skill/574257ea-7b64-4100-b7b6-e27c233fe143 | http://data.europa.eu/esco/skill/3399045f-8078-4066-8b46-475b49b260ab,ψηφιακή επικοινωνία και συνεργασία | Εργασία με ψηφιακές συσκευές και εφαρμογές
KnowledgeSkillCompetence,http://data.europa.eu/esco/skill/c4ba12d1-4698-42fa-8abb-789462ea2586,προστασία του περιβάλλοντος από τον αντίκτυπο των ψηφιακών τεχνολογιών,released,skill/competence,occupation-specific,προστασία του περιβάλλοντος από τις επιπτώσεις των ψηφιακών τεχνολογιών,Επίγνωση των περιβαλλοντικών επιπτώσεων των ψηφιακών τεχνολογιών και της χρήσης τους.,http://data.europa.eu/esco/skill/2aaad52d-599e-4e77-a681-bbc236825821 | http://data.europa.eu/esco/skill/426ceaba-6867-481c-bb6b-aee3933da7d2 | http://data.europa.eu/esco/skill/8064ae65-5d1b-44e1-9aaf-246a4285a9a6,αξιολόγηση των περιβαλλοντικών επιπτώσεων της προσωπικής συμπεριφοράς | ασφάλεια της τεχνολογίας πληροφοριών και επικοινωνιών | τήρηση των νόμων και προτύπων περιβαλλοντικής προστασίας
KnowledgeSkillCompetence,http://data.europa.eu/esco/skill/d1ed5b3a-cab5-4c5d-baf8-0214998b58fb,προστασία της υγείας και της ευεξίας κατά την εργασία με ψηφιακές τεχνολογίες,released,skill/competence,cross-sector,προστασία της υγείας και της ευεξίας κατά τη χρήση ψηφιακών τεχνολογιών,Ικανότητα αποφυγής των κινδύνων για την υγεία και των απειλών κατά της σωματικής και ψυχολογικής ευεξίας κατά τη χρήση ψηφιακών τεχνολογιών. Ικανότητα προστασίας του εαυτού σας και των άλλων από πιθανούς κινδύνους στο ψηφιακό περιβάλλον (π.χ. διαδικτυακό εκφοβισμό). Κατοχή γνώσεων σχετικά με τις ψηφιακές τεχνολογίες για την κοινωνική ευημερία και την κοινωνική ένταξη.,http://data.europa.eu/esco/skill/426ceaba-6867-481c-bb6b-aee3933da7d2 | http://data.europa.eu/esco/skill/5bcec244-3efe-45ac-8891-0ab4a91e9c48,ασφάλεια της τεχνολογίας πληροφοριών και επικοινωνιών | τήρηση των διαδικασιών υγείας και ασφάλειας
KnowledgeSkillCompetence,http://data.europa.eu/esco/skill/df329d70-87b0-466b-a214-3431f36e2a5e,προστασία συσκευών ΤΠΕ,released,skill/competence,cross-sector,προστασία συσκευών της τεχνολογίας πληροφοριών και επικοινωνιών,"Προστασία συσκευών και ψηφιακού περιεχομένου, καθώς και κατανόηση των κινδύνων και των απειλών στα ψηφιακά περιβάλλοντα. Γνώση των μέτρων ασφαλείας και προστασίας και να λήψη δεόντως υπόψη της αξιοπιστίας και της ιδιωτικότητας. Χρήση εργαλείων και μεθόδων που μεγιστοποιούν την ασφάλεια των συσκευών ΤΠΕ και των πληροφοριών με έλεγχο της πρόσβασης, όπως συνθηματικών, ψηφιακών υπογραφών, βιομετρίας και προστασίας συστημάτων όπως τείχος προστασίας (firewall), αντιικά και φίλτρα ανεπιθύμητων μηνυμάτων (spam).",http://data.europa.eu/esco/skill/426ceaba-6867-481c-bb6b-aee3933da7d2 | http://data.europa.eu/esco/skill/185c56ee-098f-46a1-af87-56337085da6f,ασφάλεια της τεχνολογίας πληροφοριών και επικοινωνιών | προστασία συσκευών τπε
KnowledgeSkillCompetence,http://data.europa.eu/esco/skill/e439742d-558d-4f52-885e-afdc740b48cf,"διερεύνηση, αναζήτηση και φιλτράρισμα δεδομένων, πληροφοριών και ψηφιακού περιεχομένου",released,skill/competence,cross-sector,,"Διατύπωση των αναγκών πληροφόρησης, αναζήτηση δεδομένων, πληροφοριών και περιεχομένου σε ψηφιακά περιβάλλοντα, πρόσβαση σε αυτά και πλοήγηση μεταξύ τους. Δημιουργία και επικαιροποίηση προσωπικών στρατηγικών αναζήτησης.",http://data.europa.eu/esco/skill/629685b8-5f9e-4522-8cff-b3e2c4ec625a | http://data.europa.eu/esco/skill/258fea29-09db-4918-8235-0d7d529cd31c,"ψηφιακή επεξεργασία δεδομένων | περιήγηση, αναζήτηση και φιλτράρισμα ψηφιακών δεδομένων"
KnowledgeSkillCompetence,http://data.europa.eu/esco/skill/f5369f2f-e52b-43d8-8d31-79a6c11188d8,δημιουργία ψηφιακού περιεχομένου,released,,,,"Δημιουργία και επεξεργασία νέου περιεχομένου (από επεξεργασία κειμένου έως εικόνες και βίντεο). Ενσωμάτωση και επανάπτυξη προηγούμενων γνώσεων και περιεχομένου. Παραγωγή δημιουργικής έκφρασης, προϊόντων μέσων επικοινωνίας και προγραμματισμός. Διαχείριση και εφαρμογή δικαιωμάτων διανοητικής ιδιοκτησίας και αδειών.",http://data.europa.eu/esco/skill/98fb499f-9155-412d-a8a0-95ba97126fec,χρήση ψηφιακών εργαλείων για συνεργασία και παραγωγικότητα
