conceptType,conceptUri,skillType,reuseLevel,preferredLabel,status,altLabels,description,broaderConceptUri,broaderConceptPT
KnowledgeSkillCompetence,http://data.europa.eu/esco/skill/001115fb-569f-4ee6-8381-c6807ef2527f,skill/competence,transversal,επίδειξη πρωτοβουλίας,released,ανάληψη δράσης | επίδειξη αίσθησης πρωτοβουλίας | ανάληψη  πρωτοβουλίας | επίδειξη κινητοποίησης,"Προδραστικότητα του ατόμου και ανάληψη του πρώτου βήματος σε μια δράση χωρίς να περιμένει τι λένε ή τι κάνουν άλλοι.
	",http://data.europa.eu/esco/skill/91860993-1a8b-4473-91f3-600aa1924bd0,Προδραστική προσέγγιση
KnowledgeSkillCompetence,http://data.europa.eu/esco/skill/0171653e-c8e9-4c24-bb86-a4b6fe038f25,skill/competence,transversal,υιοθέτηση τρόπων προώθησης της βιοποικιλότητας και της καλής διαβίωσης των ζώων,released,υιοθέτηση μιας βιώσιμης διατροφικής συνήθειας | εφαρμογή περιβαλλοντικών επιλογών στις διατροφικές συνήθειες | προώθηση της κατανάλωσης βιολογικών και βιολογικών τροφίμων | υπόστήριξη της βιοποικιλότητας και της καλής μεταχείρισης των ζώων | μέριμνα για την καλή διαβίωση των ζώων κατά την αγορά τροφίμων | έχονταςυπόψη τα ζητήματα βιωσιμότητας στις καταναλωτικές επιλογές,"Υιοθέτηση συμπεριφορών που συμβάλλουν στη διατήρηση σταθερών οικοσυστημάτων και στην καταπολέμηση της μαζικής εξαφάνισης, για παράδειγμα με συνειδητές διατροφικές επιλογές που στηρίζουν τη βιολογική παραγωγή τροφίμων και την καλή διαβίωση των ζώων
	",http://data.europa.eu/esco/skill/80cf002a-6586-4db7-9c9a-88325a9a5e1b,Εφαρμογή δεξιοτήτων και ικανοτήτων στον τομέα του περιβάλλοντος
KnowledgeSkillCompetence,http://data.europa.eu/esco/skill/045f71e6-0699-4169-8a54-9c6b96f3174d,skill/competence,transversal,παροχή συμβουλών σε άλλους,released,καθοδήγηση άλλων | άτομα μέντορες,"Διατύπωση προτάσεων σχετικά με την καλύτερη δυνατή πορεία δράσης.
	",http://data.europa.eu/esco/skill/82463bb1-85d1-4e99-a4ce-08508fc3b2a3,Παροχή στήριξης σε άλλους
KnowledgeSkillCompetence,http://data.europa.eu/esco/skill/05aa7c09-46e7-433f-a81b-92841f4551e7,skill/competence,transversal,αποδοχή κριτικής και καθοδήγησης,released,αποδοχή σχολίων | ανοχή προς τους κριτικούς | αποδοχή κριτικής | ευπρόσδεκτα σχόλια | χειρισμός ανατροφοδότησης | αποδοχή εποικοδομητικής κριτικής | ευπρόσδεκτη κριτική,"Χειρισμός των αρνητικών σχολίων από άλλους και αντιμετώπιση της κριτικής με ανοικτό μυαλό, εντοπίζοντας σε αυτήν πιθανούς τομείς που επιδέχονται βελτίωση.
	",http://data.europa.eu/esco/skill/f5c9eef3-0495-4747-9519-d71a58d252bd,Επίδειξη βούλησης για μάθηση
KnowledgeSkillCompetence,http://data.europa.eu/esco/skill/0b709c64-a57a-4976-86bd-34d2cf34fa4f,skill/competence,transversal,"εφαρμογή γνώσεων σχετικά με τη φιλοσοφία, την ηθική και τη θρησκεία",released,"εφαρμογή ηθικών αξιών και θρησκευτικών πεποιθήσεων | αξιολόγηση των συνεπειών και του αντικτύπου των ιδεών, των ευκαιριών και των ενεργειών | αξιολόγηση των ηθικών και δεοντολογικών συνεπειών των πράξεων | ενέργεια σύμφωνα με ηθικές και θρησκευτικές αξίες | εφαρμογή φιλοσοφικής σχολής σκέψεων","Ανακάλυψη και ανάπτυξη ατομικής οπτικής σχετικά με τους ρόλους, το νόημα και τον σκοπό του ατόμου, συμπεριλαμβανομένου του τι σημαίνει να ζει, να πεθαίνει και να είναι άνθρωπος.
	",http://data.europa.eu/esco/skill/44ff6716-7d71-4a16-821b-61d10e9e290d,Εφαρμογή γενικών γνώσεων
KnowledgeSkillCompetence,http://data.europa.eu/esco/skill/0d75a128-bd88-4c1b-b70d-8e963aeb490c,skill/competence,transversal,υιοθέτηση τρόπων μείωσης της ρύπανσης,released,διαχείριση ίδιων απορριμάτων | μείωση του θορύβου | προτίμηση δημόσιων από τις ιδιωτικές συγκοινωνίες | χρήση μέσων μαζικής μεταφοράς | πρόληψη της ρύπανσης,"Εφαρμογή μέτρων για τη μείωση της ατμοσφαιρικής ρύπανσης, της ηχορύπανσης, της φωτορύπανσης, της ρύπανσης των υδάτων ή της ρύπανσης του περιβάλλοντος, για παράδειγμα με τη χρήση των δημόσιων μέσων μεταφοράς, την αποφυγή της δημιουργίας αποβλήτων στο φυσικό περιβάλλον και τη μείωση των περιττών εκπομπών φωτός και θορύβου, ιδίως κατά τη διάρκεια της νύχτας.
	",http://data.europa.eu/esco/skill/80cf002a-6586-4db7-9c9a-88325a9a5e1b,Εφαρμογή δεξιοτήτων και ικανοτήτων στον τομέα του περιβάλλοντος
KnowledgeSkillCompetence,http://data.europa.eu/esco/skill/113b4428-0a31-4199-8496-070af7854b91,skill/competence,transversal,εκπλήρωση δεσμεύσεων,released,,Εκτέλεση καθηκόντων με αυτοπειθαρχία και με αξιόπιστο τρόπο προσανατολισμένο πάντοτε στον στόχο.,http://data.europa.eu/esco/skill/14c41899-0224-4cbc-bd8c-e946ada2da87,Αποδοτική εργασία
KnowledgeSkillCompetence,http://data.europa.eu/esco/skill/13b4a3d2-abdf-4442-8e52-d7464a58ecbc,skill/competence,transversal,προσαρμογή σε σωματικές απαιτήσεις,released,εργασία κάτω από αντίξοες καιρικές συνθήκες | αντοχή σε δυσμενείς θερμοκρασίες | επίδειξη σωματικής ανθεκτικότητας,"Επίδειξη ικανότητας αντοχής σε υψηλή σωματική καταπόνηση από την εργασία ή τον αθλητισμό. Περιλαμβάνονται το γονάτισμα, η ορθοστασία ή το τρέξιμο για μεγάλο χρονικό διάστημα ή η εργασία υπό δύσκολες μετεωρολογικές συνθήκες, όπως η υψηλή θερμοκρασία, το ισχυρό ψύχος και η έντονη βροχή.
	",http://data.europa.eu/esco/skill/e52389a2-1a05-45b0-8db3-4bda0f0c0b48,Ανταπόκριση σε φυσικές συνθήκες
KnowledgeSkillCompetence,http://data.europa.eu/esco/skill/199f7919-5114-41b6-b6a5-41e0e4896ec1,skill/competence,transversal,ανάληψη ευθύνης,released,επίδειξη υπευθυνότητας | επίδειξη ευσυνείδητης στάσης | ετοιμότητα για ανάληψη ευθυνών | αίσθημα ευθύνης | επίδειξη υπεύθυνης συμπεριφοράς,"Αποδοχή ευθύνης και λογοδοσίας για τις επαγγελματικές αποφάσεις και ενέργειες του ίδιου του ατόμου ή για εκείνες που αναθέτει σε τρίτους.
	",http://data.europa.eu/esco/skill/91860993-1a8b-4473-91f3-600aa1924bd0,Προδραστική προσέγγιση
KnowledgeSkillCompetence,http://data.europa.eu/esco/skill/19a64e91-bfe3-4c48-9225-3bb1229b12f0,skill/competence,transversal,επίδειξη αποφασιστικότητας,released,επίδειξη ενθουσιασμού | επιμονή | προσπάθεια | επίδειξη θετικής διάθεσης | προσπάθεια για την επιτυχία | επίδειξη εστιασμένης προσέγγισης | ξεκάθαροι στόχουι | επίδειξη θετικής σκέψης | επίδειξη θετικής στάσης | επίδειξη ενθουσιασμούπροσπάθεια για αποτελέσματα,"Επίδειξη αφοσίωσης σε κάτι που είναι δύσκολο να γίνει και απαιτεί σκληρή εργασία. Επίδειξη μεγάλης προσπάθειας ωθούμενης από ενδιαφέρον ή απόλαυση για τις ίδιες τις εργασίες, απουσία εξωτερικών πιέσεων.
	",http://data.europa.eu/esco/skill/91860993-1a8b-4473-91f3-600aa1924bd0,Προδραστική προσέγγιση
KnowledgeSkillCompetence,http://data.europa.eu/esco/skill/19ba11f3-9c99-41fd-a7c9-f77e6a026186,skill/competence,transversal,εκτέλεση υπολογισμών,released,πραγματοποίηση υπολογισμών που σχετίζονται με την εργασία,"Επίλυση μαθηματικών προβλημάτων για την επίτευξη στόχων που σχετίζονται με την εργασία.
	",http://data.europa.eu/esco/skill/edc72cfe-78a8-4531-b00f-92992a0bb8cb,Εργασία με αριθμούς και μονάδες μέτρησης
KnowledgeSkillCompetence,http://data.europa.eu/esco/skill/1d1fedcb-4995-44ac-90f5-f31a157ce512,skill/competence,transversal,διαχείριση αγανάκτησης,released,διαχείριση ματαίωσης,Διατήρηση ηρεμίας και αντίδραση με εποικοδομητικό τρόπο στο θυμό του ιδίου ή άλλων ή σε περίπτωση αντιμετώπισης εμποδίων ή παραπόνων.,http://data.europa.eu/esco/skill/2b2c3254-7f6c-47e2-84f1-aece946fbfae,Διατήρηση θετικής στάσης
KnowledgeSkillCompetence,http://data.europa.eu/esco/skill/1dabb413-18e8-48ed-a963-44978e67ad32,skill/competence,transversal,υπολογισμός πιθανοτήτων,released,εκτίμηση της πιθανότητας ενός αποτελέσματος ή ενός γεγονότος | εργασία με πιθανότητες | διενέργεια εκτιμήσεων,"Πρόβλεψη της πιθανότητας ενός αποτελέσματος βάσει υπολογισμών ή πείρας.
	",http://data.europa.eu/esco/skill/edc72cfe-78a8-4531-b00f-92992a0bb8cb,Εργασία με αριθμούς και μονάδες μέτρησης
KnowledgeSkillCompetence,http://data.europa.eu/esco/skill/1ddc021d-d818-4731-904f-842d7491f419,skill/competence,transversal,διαχείριση οικονομικών και υλικών πόρων,released,"χρήση πιστώσεων, αποταμιεύσεων. επενδύσεων και συντάξεων για την επίτευξη μακροπρόθεσμων στόχων | άσκηση των δικαιωμάτων των καταναλωτών | επιλογή κατάλληλων ασφαλιστικών προϊόντων | χρήση οικονομικών συμβουλών και υπηρεσιών καθοδήγησης με κριτική νοοτροπία | σύγκριση προσφορών κατά την απόκτηση προϊόντων ή υπηρεσιών | ανάληψη αποτελεσματικού οικονομικού σχεδιασμού | διαχείριση των προσωπικών οικονομικών | διαχείριση προσωπικού προϋπολογισμού για οικονομικές ανάγκες","Διενέργεια αποτελεσματικού οικονομικού σχεδιασμού, χρησιμοποιώντας πιστώσεις, αποταμιεύσεις, επενδύσεις και συντάξεις για την επίτευξη βραχυπρόθεσμων και μακροπρόθεσμων στόχων, χρησιμοποιώντας χρηματοοικονομικές συμβουλές και υπηρεσίες καθοδήγησης με κριτικό πνεύμα, συγκρίνοντας συμφωνίες και προσφορές κατά την αγορά προϊόντων ή υπηρεσιών και επιλέγοντας ενεργά κατάλληλα ασφαλιστικά προϊόντα.
	",http://data.europa.eu/esco/skill/6c6957bf-cf1f-4483-9c7e-1655f251b01a,Εφαρμογή επιχειρηματικών και οικονομικών δεξιοτήτων και ικανοτήτων
KnowledgeSkillCompetence,http://data.europa.eu/esco/skill/1fce1197-3a5b-45b7-8797-575cd3b57a01,skill/competence,transversal,επίδειξη αφοσίωσης,released,επίδειξη ενθουσιασμού | επίδειξη δέσμευσης | επίδειξη  κινήτρου | απόλαυση της εργασίας | διάθεση για εργασία,"Επίδειξη προθυμίας για άμεση διεκπεραίωση εργασιών, ακόμη και αν είναι δύσκολες ή δυσάρεστες.
	",http://data.europa.eu/esco/skill/91860993-1a8b-4473-91f3-600aa1924bd0,Προδραστική προσέγγιση
KnowledgeSkillCompetence,http://data.europa.eu/esco/skill/20012caa-b63c-4cb9-b2b8-01a1cfdfc1d1,skill/competence,transversal,γρήγορη σκέψη,released,Γρήγορη αντίληψη | γρήγορη ντίδραση | καταλαβαίνω γρήγορα | επίδειξη καλό επιπέδου αντίληψης,"Ικανότητα γρήγορης και ακριβούς κατανόησης και επεξεργασίας των σημαντικότερων πτυχών γεγονότων και των διασυνδέσεών τους.
	",http://data.europa.eu/esco/skill/fff1d675-c36a-4c12-9cd4-407f21ccd06a,"Επεξεργασία πληροφοριών, ιδεών και εννοιών"
KnowledgeSkillCompetence,http://data.europa.eu/esco/skill/2aaad52d-599e-4e77-a681-bbc236825821,skill/competence,transversal,αξιολόγηση των περιβαλλοντικών επιπτώσεων της προσωπικής συμπεριφοράς,released,επίδςιξη ευαισθησίας για περιβαλλοντικά ζητήματα | εξέυαση τοθ αντίκτυπου των πράξεων στο περιβάλλον | υιοθέτηση μιας φιλικής προς το περιβάλλον στάσης | υιοθέτηση οικολογικής στάσης | εφαρμογήν ηθικής και βιώσιμης σκέψης,"Υιοθέτηση νοοτροπίας προσανατολισμένης στη βιωσιμότητα στην καθημερινή σας ζωή και στοχασμός σχετικά με την προσωπική οικολογική σας στάση και τις περιβαλλοντικές επιπτώσεις της συμπεριφοράς σας.
	",http://data.europa.eu/esco/skill/80cf002a-6586-4db7-9c9a-88325a9a5e1b,Εφαρμογή δεξιοτήτων και ικανοτήτων στον τομέα του περιβάλλοντος
KnowledgeSkillCompetence,http://data.europa.eu/esco/skill/35ebe444-9ece-4fbc-a55d-e99ea37267ae,skill/competence,transversal,διαχείριση ποιότητας,released,,"Επιδίωξη αριστείας στις διαδικασίες, τα προϊόντα και τις δραστηριότητες στον χώρο εργασίας.",http://data.europa.eu/esco/skill/14c41899-0224-4cbc-bd8c-e946ada2da87,Αποδοτική εργασία
KnowledgeSkillCompetence,http://data.europa.eu/esco/skill/409a0245-0e6c-4aac-ba16-0920ecb76a8d,skill/competence,transversal,διενέργεια αυτοστοχασμού,released,αυτοστοχασμός | πραγματοποίηση αυτοαξιολόγησης,"Αποτελεσματική, τακτική και συστηματική εξέταση των προσωπικών ενεργειών, επιδόσεων και συμπεριφορών και διενέργεια απαραίτητων προσαρμογών με αναζήτηση ευκαιριών επαγγελματικής εξέλιξης για την κάλυψη των κενών γνώσης και πρακτικής σε συγκεκριμένους τομείς. Αξιολόγηση του αντικτύπου της δικής σας επαγγελματικής ανάπτυξης.
	",http://data.europa.eu/esco/skill/f5c9eef3-0495-4747-9519-d71a58d252bd,Επίδειξη βούλησης για μάθηση
KnowledgeSkillCompetence,http://data.europa.eu/esco/skill/429062f1-a958-43ea-83dd-4e1af078c156,skill/competence,transversal,επίδειξη περιέργειας και ενδιαφέροντος,released,,"Επίδειξη ζωηρού ενδιαφέροντος για καινοτομία και ανοικτού πνεύματος όσον αφορά την απόκτηση εμπειριών, εύρεση συναρπαστικών θεμάτων και αντικειμένων, ενεργός διερεύνηση και ανακάλυψη νέων τομέων.",http://data.europa.eu/esco/skill/f5c9eef3-0495-4747-9519-d71a58d252bd,Επίδειξη βούλησης για μάθηση
KnowledgeSkillCompetence,http://data.europa.eu/esco/skill/468135b7-5757-48c3-9509-fde0e13ec5be,skill/competence,transversal,διαχείριση της προσωπικής εξέλιξης,released,διαχείριση στόχων ζωής | σχεδιασμός καριέρας | διαχείριση στόχων καριέρας,"Ενασχόληση με και προώθηση των δεξιοτήτων και των ικανοτήτων σας ώστε να προοδεύσετε στην επαγγελματική και ιδιωτική ζωή.
	",http://data.europa.eu/esco/skill/91860993-1a8b-4473-91f3-600aa1924bd0,Προδραστική προσέγγιση
KnowledgeSkillCompetence,http://data.europa.eu/esco/skill/469748ce-051a-407e-9099-0c9415ac2705,skill/competence,transversal,θετική προσέγγιση των προκλήσεων,released,επίδειξη χιούμορ | υιοθέτηση εποικοδομητικής προσέγγισης | διατήρηση θετικής στάσης,"Υιοθέτηση θετικής στάσης και εποικοδομητικής προσέγγισης κατά την αντιμετώπιση προκλήσεων.
	",http://data.europa.eu/esco/skill/2b2c3254-7f6c-47e2-84f1-aece946fbfae,Διατήρηση θετικής στάσης
KnowledgeSkillCompetence,http://data.europa.eu/esco/skill/4707da90-9cfc-46ca-8de0-38a0b7bfb137,skill/competence,transversal,αναλυτική σκέψη,released,αναλυτική ικανότητα | αναλυτικός τρόπος σκέψης | αναλυτικό πνεύμα· αναλυτική αντίληψη,"Παραγωγή σκέψεων με τη χρήση της λογικής και της συλλογιστικής προκειμένου να εντοπιστούν τα δυνατά και τα αδύνατα σημεία των εναλλακτικών λύσεων, συμπερασμάτων ή προσεγγίσεων στα προβλήματα.",http://data.europa.eu/esco/skill/fff1d675-c36a-4c12-9cd4-407f21ccd06a,"Επεξεργασία πληροφοριών, ιδεών και εννοιών"
KnowledgeSkillCompetence,http://data.europa.eu/esco/skill/49de9958-2aa4-4eef-a89d-fe5d5bcd28c4,skill/competence,transversal,προσαρμογή σε αλλαγές,released,,Αλλαγή ατομικής στάσης ή συμπεριφοράς για την διευκόλυνση τροποποιήσεων στον χώρο εργασίας.,http://data.europa.eu/esco/skill/f5c9eef3-0495-4747-9519-d71a58d252bd,Επίδειξη βούλησης για μάθηση
KnowledgeSkillCompetence,http://data.europa.eu/esco/skill/4c3ab565-747c-4db3-8c47-79e8d6f98cf4,skill/competence,transversal,υιοθέτηση τρόπων μείωσης των αρνητικών επιπτώσεων της κατανάλωσης,released,επαναχρησιμοποίηση προϊόντων | ακολουθία βιώσιμων πρακτικών εργασίας | συμμετοχή στην κυκλική οικονομία | άσκηση ενός μινιμαλιστικού τρόπου ζωής | μοίρασμα φυσικών πόρων | αποφυγή του πλαστικού | επαναχρησιμοποίηση υλικών | ελαχιστοποίηση της παραγωγής απορριμμάτων στα νοικοκυριά | μείωση της κατανάλωσης νερού ή ενέργειας | μείωση των απορριμμάτων μέσω επαναχρησιμοποίησης και ανακύκλωσης | συλλογή ανακύκλωσης | μείωση της κατανάλωσης ενέργειας και νερού | εφαρμογή βιώσιμων πρακτικών κατανάλωσης | μείωση της κατανάλωσης ενέργειας | αποφυγή των ειδών μιας χρήσης,"Εφαρμογή αρχών, πολιτικών και κανονισμών που αποσκοπούν στην περιβαλλοντική βιωσιμότητα, συμπεριλαμβανομένης της μείωσης των αποβλήτων και της κατανάλωσης ενέργειας και νερού, της επαναχρησιμοποίησης και της ανακύκλωσης των προϊόντων, και της συμμετοχής στη συνεργατική οικονομία.
	",http://data.europa.eu/esco/skill/80cf002a-6586-4db7-9c9a-88325a9a5e1b,Εφαρμογή δεξιοτήτων και ικανοτήτων στον τομέα του περιβάλλοντος
KnowledgeSkillCompetence,http://data.europa.eu/esco/skill/4c772721-9280-49cb-9988-b6ea3d36b06d,skill/competence,transversal,διατήρηση ψυχολογικής ευεξίας,released,προστασία της ψυχολογικής ευεξίας | επιδίωξη ψυχικής ευημερίας | εξισορρόπηση του χρόνου εργασίας και της προσωπικής ζωής | διατήρηση της ισορροπίας μεταξύ εργασίας και προσωπικής ζωής | χρήση των ψηφιακών τεχνολογιών με ασφάλεια,"Ικανότητα αποφυγής απειλών για την ψυχολογική ευεξία, για παράδειγμα κατά τη χρήση ψηφιακών τεχνολογιών, συμπεριλαμβανομένης της διατήρησης υγιούς ισορροπίας μεταξύ επαγγελματικής και προσωπικής ζωής.
	",http://data.europa.eu/esco/skill/3d54fec5-d9cb-45a0-bf8d-ffaf3790a5bb,Εφαρμογή δεξιοτήτων και ικανοτήτων στον τομέα της υγείας
KnowledgeSkillCompetence,http://data.europa.eu/esco/skill/4cde32b5-fc2f-4257-a8b9-5b15a67ee3e5,skill/competence,transversal,προστασία της υγείας των άλλων,released,παροχή πρώτων βοηθειών | άμεση επέμβαση σε περίπτωση ανάγκης | προστασία της υγείας του ατόμου | κατάλληλη αντίδραση σε περίπτωση ατυχήματος,"Πρόληψη βλαβών και στήριξη της αποκατάστασης μελών της οικογένειας, κηδεμονευόμενων και συμπολιτών, συμπεριλαμβανομένης της κατάλληλης αντιμετώπισης ατυχημάτων, όπως η παροχή πρώτων βοηθειών.
	",http://data.europa.eu/esco/skill/3d54fec5-d9cb-45a0-bf8d-ffaf3790a5bb,Εφαρμογή δεξιοτήτων και ικανοτήτων στον τομέα της υγείας
KnowledgeSkillCompetence,http://data.europa.eu/esco/skill/5b46f572-7ced-4efd-b270-a81a164d521c,skill/competence,transversal,συντονισμός συζητήσεων,released,"επίβλεψη μιας συζήτησης | διεξαγωγή συζητήσεων | τήρηση του μέτρου | συντονιστής εργαστηρίων, συνεδρίων ή εκδηλώσεων | εφαρμογή τεχνικών μετριοπάθειας | καθοδήγηση μιας συζήτησης","Εφαρμογή τεχνικών και μεθόδων συντονισμού για τη διεξαγωγή συζητήσεων μεταξύ δύο ή περισσότερων ατόμων, συμπεριλαμβανομένων περιπτώσεων όπως εργαστήρια, συνέδρια ή διαδικτυακές εκδηλώσεις. Διασφάλιση ορθότητας και ευγένειας κατά τη συζήτηση.
	",http://data.europa.eu/esco/skill/6f142deb-03a9-4cd7-94ce-e0f023ae2169,Επικοινωνία
KnowledgeSkillCompetence,http://data.europa.eu/esco/skill/5c3ab99d-a3f1-4620-9602-d12d2151a03d,skill/competence,transversal,"εφαρμογή γνώσεων στους τομείς της επιστήμης, της τεχνολογίας και της μηχανικής",released,επίδειξη επιστημονικού αλφαβητισμού | εκτέλεση μετρήσεων | επίδειξη τεχνικών ικανοτήτων | υιοθέτηση νέων τεχνολογιών,"Ανάπτυξη και εφαρμογή κατανόησης του φυσικού κόσμου και των αρχών που τον διέπουν, για παράδειγμα με την πραγματοποίηση εύλογων προβλέψεων σχετικά με τα αίτια και τις επιπτώσεις, τον σχεδιασμό δοκιμών για αυτές τις προβλέψεις και τη διενέργεια μετρήσεων με τη χρήση κατάλληλων μονάδων, εργαλείων και εξοπλισμού.
	",http://data.europa.eu/esco/skill/44ff6716-7d71-4a16-821b-61d10e9e290d,Εφαρμογή γενικών γνώσεων
KnowledgeSkillCompetence,http://data.europa.eu/esco/skill/5c526c52-4f0a-4647-8c51-c91568acebb1,skill/competence,transversal,επεξεργασία χωρικών πληροφοριών,released,εργασία με σχήματα και χώρους | διαχείριση σχήματος και χώρου | εργασία με τη μορφή και τον χώρο | επίδειξη τρισδιάστατης φαντασίας | ύπαρξη τρισδιάστατης φαντασίας | επίδειξη χωρικής νοημοσύνης | αξιοποίηση του χωρικού προσανατολισμού | εφαρμογή χωρικού συλλογισμού,"Ικανότητα του ατόμου να φανταστεί τη θέση και τη σχέση των σωμάτων σε τρισδιάστατους χώρους, αναπτύσσοντας καλή αίσθηση αναλογίας.
	",http://data.europa.eu/esco/skill/edc72cfe-78a8-4531-b00f-92992a0bb8cb,Εργασία με αριθμούς και μονάδες μέτρησης
KnowledgeSkillCompetence,http://data.europa.eu/esco/skill/5ca953f7-541d-4f67-bc55-7721348366cf,skill/competence,transversal,σεβασμός της πολυμορφίας των πολιτισμικών αξιών και κανόνων,released,λαμβάνουν υπόψη την εθνική πολιτιστική ταυτότητα | δείχνουν ευαισθησία απέναντι σε διαφορετικές κοσμοθεωρίες | υποστήριξη της πολιτιστικής πολυμορφίας | επιδεικνύουν γνώση της πολυπολιτισμικής διάστασης των ευρωπαϊκών κοινωνιών | λαμβάνουν υπόψη την ποικιλομορφία των πολιτιστικών αξιών και κανόνων,"Επίδειξη διαπολιτισμικών δεξιοτήτων και σεβασμού των πολιτισμικών αξιών και κανόνων του ίδιου του ατόμου. Επίδειξη ανεκτικότητας και εκτίμησης για τις διαφορετικές αξίες και τους κανόνες διαφορετικών ατόμων και πολιτισμών, που αναπτύσσονται υπό διαφορετικές συνθήκες ή σε διαφορετικούς χρόνους και τόπους.
	",http://data.europa.eu/esco/skill/d6e97b91-b75d-45f5-8566-667798957b0f,Εφαρμογή δεξιοτήτων και ικανοτήτων στον τομέα των κοινών
KnowledgeSkillCompetence,http://data.europa.eu/esco/skill/5cd1930c-278d-4929-b413-27352f5b3687,skill/competence,transversal,αντιμετώπιση της αβεβαιότητας,released,,"Ανεκτικότητα στην αβεβαιότητα και εποικοδομητική εργασία κατά τη διάρκεια απροσδόκητων και απρόβλεπτων καταστάσεων.
	",http://data.europa.eu/esco/skill/2b2c3254-7f6c-47e2-84f1-aece946fbfae,Διατήρηση θετικής στάσης
KnowledgeSkillCompetence,http://data.europa.eu/esco/skill/609a8ac1-9d29-4237-9886-596dbbe7ca8a,skill/competence,transversal,ομιλία σε κοινό,released,διάλεξη | παρουσίαση ιδεών,"Διεξαγωγή δομημένης, σκόπιμης και διά ζώσης ομιλίας σε ομάδα ακροατών για την παροχή πληροφοριών, την άσκηση επιρροής ή την ψυχαγωγία τους.
	",http://data.europa.eu/esco/skill/6f142deb-03a9-4cd7-94ce-e0f023ae2169,Επικοινωνία
KnowledgeSkillCompetence,http://data.europa.eu/esco/skill/60c78287-22eb-4103-9c8c-28deaa460da0,skill/competence,transversal,ομαδική εργασία,released,,Εργασία με άνεση σε ομάδα στην οποία κάθε ένα από τα μέλη εκτελεί τα καθήκοντά για την εξυπηρέτηση όλων των μελών.,http://data.europa.eu/esco/skill/036afa6e-cdde-4b38-a53a-8e7910a840e1,Συνεργασία σε ομάδες και δίκτυα
KnowledgeSkillCompetence,http://data.europa.eu/esco/skill/669b75d8-671c-4a1c-8e0b-6466c513c27d,skill/competence,transversal,επίδειξη εμπιστοσύνης,released,,Επίδειξη βαθμού ωριμότητας με πλήρη κατανόηση των προσόντων και των ικανοτήτων κάποιου ο οποίος μπορεί να φανεί άξιος εμπιστοσύνης σε διαφορετικές καταστάσεις.,http://data.europa.eu/esco/skill/2b2c3254-7f6c-47e2-84f1-aece946fbfae,Διατήρηση θετικής στάσης
KnowledgeSkillCompetence,http://data.europa.eu/esco/skill/699e7c26-6502-4e78-a823-3656ff5a5b8b,skill/competence,transversal,παροχή οδηγιών σε τρίτους,released,καθοδήγηση άλλων ατόμων,Καθοδήγηση ή διδασκαλία τρίτων με την παροχή σχετικών γνώσεων και υποστήριξης.,http://data.europa.eu/esco/skill/82463bb1-85d1-4e99-a4ce-08508fc3b2a3,Παροχή στήριξης σε άλλους
KnowledgeSkillCompetence,http://data.europa.eu/esco/skill/6b2f8802-0cbf-436e-a37f-ca55ede41bbc,skill/competence,transversal,χειρισμός ψηφιακού υλισμικού,released,εργασία με υλικό υπολογιστή και περιφερειακά | χρήση έξυπνων συσκευών ΤΠΕ | εφαρμογή περιφερειακών συσκευών ΤΠΕ | χρήση εξαρτημάτων υλικού | χρήση πληκτρολογίου | χρήση περιφερειακών ΤΠΕ | χρήση ποντικιού | χρήση ψηφιακών συσκευών | χρήση υλικού ΤΠΕ | εκτέλεση πρακτικών εργασιών με έξυπνες συσκευές | χρήση υλικού,"Ικανότητα χρήσης εξοπλισμού όπως οθόνη, ποντίκι, πληκτρολόγιο, συσκευές αποθήκευσης, εκτυπωτές, σαρωτές κ.λπ. για την εκτέλεση λειτουργιών όπως η σύνδεση, η εκκίνηση, η διακοπή της λειτουργίας, η επανεκκίνηση, η αποθήκευση αρχείων και άλλες λειτουργίες.
	",http://data.europa.eu/esco/skill/3399045f-8078-4066-8b46-475b49b260ab,Εργασία με ψηφιακές συσκευές και εφαρμογές
KnowledgeSkillCompetence,http://data.europa.eu/esco/skill/6b305973-8993-475f-bd8a-daf037c61401,skill/competence,transversal,"οργάνωση πληροφοριών, αντικειμένων και πόρων",released,οργανωτικές ικανότητες | καταγραφή πληροφοριών | επίδειξη οργανωτικών ικανοτήτων | δόμηση πληροφοριών | λήψη πληροφοριών | οργάνωση των πόρων,"Κατανόηση των καθηκόντων σας και των διαδικασιών που τα συνοδεύουν. Οργάνωση πληροφοριών, αντικειμένων και πόρων με τη χρήση συστηματικών μεθόδων και σύμφωνα με καθορισμένα πρότυπα, και διασφάλιση της άριστης ανταπόκρισης στο καθήκον.
	",http://data.europa.eu/esco/skill/66fdc34c-2326-4baa-b8ff-7a1d1015fe3a,Σχεδιασμός και οργάνωση
KnowledgeSkillCompetence,http://data.europa.eu/esco/skill/6fc6f757-6baa-49fe-9a82-6ba6a52f2e13,skill/competence,transversal,ερμηνεία μαθηματικών πληροφοριών,released,επίδειξη κατανόησης των αριθμών | απόλαυση της εργασίας με αριθμούς | εφαρμογή αριθμητικών δεξιοτήτων | εφαρμογή αριθμητικού συλλογισμού | εφαρμογή της μαθηματικής συλλογιστικής,"Επίδειξη κατανόησης μαθηματικών όρων και εννοιών και εφαρμογή βασικών μαθηματικών αρχών και διεργασιών για την ερμηνεία δεδομένων και γεγονότων.
	",http://data.europa.eu/esco/skill/edc72cfe-78a8-4531-b00f-92992a0bb8cb,Εργασία με αριθμούς και μονάδες μέτρησης
KnowledgeSkillCompetence,http://data.europa.eu/esco/skill/72d1fa5d-1b7f-48e7-84e3-6e779841ddf1,skill/competence,transversal,επίδειξη αφοσίωσης,released,υποστήριξη της αποστολής της εταιρείας | προάσπιση των σχεδίων της εταιρίας | επίδειξη πίστης | υποστήριξη των σχεδίων της εταιρείας | πίστη στο το όραμα του οργανισμού | υποστήριξη εταιρικού σχεδίου,"Επίδειξη εσωτερικής σύνδεσης με μια ομάδα ή οργανισμό, μεταξύ άλλων με την υιοθέτηση και την εκπροσώπηση των αξιών τους.
	",http://data.europa.eu/esco/skill/925af2b5-2f4d-4cce-92cc-79e1ff887c7d,Τήρηση κώδικα δεοντολογίας
KnowledgeSkillCompetence,http://data.europa.eu/esco/skill/75d8e5d9-bef3-418b-9011-01bff9f27207,skill/competence,transversal,καθοδήγηση άλλων ατόμων,released,,"Παροχή καθοδήγησης και πλαισίωσης σε άλλα άτομα προς την κατεύθυνση της επίτευξης κοινών στόχων, με την ανάληψη ηγετικού ρόλου, συχνά στο πλαίσιο μιας ομάδας. Εκτέλεση εργασιών, ανάληψη ενεργειών και συμπεριφορά κατά τρόπο που εμπνέει τους συνεργάτες να ακολουθήσουν το παράδειγμα που δίνουν τα διευθυντικά τους στελέχη.
	",http://data.europa.eu/esco/skill/fe5eabaa-63f6-4c44-b405-fc3ded8d56cb,Άσκηση ηγετικού ρόλου
KnowledgeSkillCompetence,http://data.europa.eu/esco/skill/77b636e8-fab3-41a8-8022-1e0a354059dc,skill/competence,transversal,επίδειξη ενσυναίσθησης,released,,Επίδειξη ενσυναίσθησης για την πρόληψη οποιουδήποτε είδους συμβολικών πράξεων βίας και απομόνωσης και τη διασφάλιση της προσεκτικής παρακολούθησης όλων. Θα πρέπει να περιλαμβάνει την ικανότητα κατανόησης διαφόρων λεκτικών και μη λεκτικών εκδηλώσεων συναισθημάτων και διαθέσεων.,http://data.europa.eu/esco/skill/82463bb1-85d1-4e99-a4ce-08508fc3b2a3,Παροχή στήριξης σε άλλους
KnowledgeSkillCompetence,http://data.europa.eu/esco/skill/7954861c-86d4-4529-afbb-2c23dab9ac74,skill/competence,transversal,διενέργεια διαπραγματεύσεων για την επίτευξη συμβιβασμού,released,,"Επικοινωνία με τρίτους με πρόθεση την επίτευξη συνεννόησης ή την επίλυση μιας διαφοράς απόψεων, χωρίς να παραβλέπονται οι προθέσεις ή οι στόχοι του ενός ή του άλλου.",http://data.europa.eu/esco/skill/6f142deb-03a9-4cd7-94ce-e0f023ae2169,Επικοινωνία
KnowledgeSkillCompetence,http://data.europa.eu/esco/skill/7a147904-22b3-498a-b4d9-7bceeb86b45d,skill/competence,transversal,αντιμετώπιση του άγχους,released,αντιμετώπιση της πίεσης | ψυχραιμία υπό πίεση | διαχείριση της πίεσης | επίδειξη ψυχικής ανθεκτικότητας,"Αντιμετώπιση προκλήσεων, αναταράξεων και αλλαγών και ανάκαμψη μετά από δυσκολίες και αντιξοότητες.
	",http://data.europa.eu/esco/skill/2b2c3254-7f6c-47e2-84f1-aece946fbfae,Διατήρηση θετικής στάσης
KnowledgeSkillCompetence,http://data.europa.eu/esco/skill/7a93e22f-54d8-4bf0-9213-d711f6601b49,skill/competence,transversal,αποδοτική εργασία,released,,"Επίτευξη στόχων με ελάχιστη επένδυση χρόνου, προσπάθειας ή κόστους.",http://data.europa.eu/esco/skill/14c41899-0224-4cbc-bd8c-e946ada2da87,Αποδοτική εργασία
KnowledgeSkillCompetence,http://data.europa.eu/esco/skill/7d9bace0-63d0-4848-ac87-350a98082c12,skill/competence,transversal,ενεργός συμμετοχή στα κοινά,released,εκτέλεση κοινοτικής εργασίας | συμμετοχή σε γειτονικές δραστηριότητες | επίδειξη ενεργού ιδιότητας του πολίτη,"Ενεργός συμμετοχή σε δραστηριότητες για το κοινό ή το δημόσιο συμφέρον, όπως πρωτοβουλίες των πολιτών, της κοινότητας ή της γειτονιάς, σε ευκαιρίες εθελοντισμού και σε μη κυβερνητικές οργανώσεις.
	",http://data.europa.eu/esco/skill/d6e97b91-b75d-45f5-8566-667798957b0f,Εφαρμογή δεξιοτήτων και ικανοτήτων στον τομέα των κοινών
KnowledgeSkillCompetence,http://data.europa.eu/esco/skill/7dd94ad3-13d6-43fe-8b94-51fcbf67ced9,skill/competence,transversal,κριτική σκέψη,released,κριτική αξιολόγηση των πληροφοριών και των πηγών τους | αξιολόγηση των πληροφοριών | αξιολόγηση των πληροφοριών και των πηγών τους,"Λήψη και στήριξη αποφάσεων με βάση εσωτερικές αποδείξεις και εξωτερικά κριτήρια. Κριτική αξιολόγηση της εγκυρότητας και της αξιοπιστίας των πληροφοριών πριν από τη χρήση ή τη διαβίβασή τους σε άλλους. Ανάπτυξη ανεξάρτητης και κριτικής σκέψης.
	",http://data.europa.eu/esco/skill/fff1d675-c36a-4c12-9cd4-407f21ccd06a,"Επεξεργασία πληροφοριών, ιδεών και εννοιών"
KnowledgeSkillCompetence,http://data.europa.eu/esco/skill/7f321b88-3d16-4e30-8163-5494ca8ce978,skill/competence,transversal,ενθάρρυνση άλλων σε φιλικές προς το περιβάλλον συμπεριφορές,released,προώθηση της βιωσιμότητας | ενημέρωση για τη βιωσιμότητα | προώθηση φιλικών προς το περιβάλλον συμπεριφορών | υποστήριξη της βιωσιμότητας | ενθάρρυνση των άλλων να σέβονται το περιβάλλον,"Παροχή ενημέρωσης και προώθηση φιλικών προς το περιβάλλον συμπεριφορών στα κοινωνικά δίκτυα και στην εργασία.
	",http://data.europa.eu/esco/skill/80cf002a-6586-4db7-9c9a-88325a9a5e1b,Εφαρμογή δεξιοτήτων και ικανοτήτων στον τομέα του περιβάλλοντος
KnowledgeSkillCompetence,http://data.europa.eu/esco/skill/83e6510b-ffeb-4aec-959c-4265fd0ff7b7,skill/competence,transversal,απόδοση προσοχής στη λεπτομέρεια,released,επίδειξη σχολαστικότητας,"Ολοκλήρωση εργασίας με ενδιαφέρον για όλους τους εμπλεκόμενους τομείς, ανεξαρτήτως του μεγέθους τους.",http://data.europa.eu/esco/skill/14c41899-0224-4cbc-bd8c-e946ada2da87,Αποδοτική εργασία
KnowledgeSkillCompetence,http://data.europa.eu/esco/skill/88b0c49e-7c2e-4ccc-aca3-fbd4bbc2081c,skill/competence,transversal,ενημερωμένη χρήση του συστήματος υγειονομικής περίθαλψης,released,εφαρμογή μέτρων προληπτικής φροντίδας για την αποφυγή σωματικής ή ψυχολογικής βλάβης | εύρεση κατάλληλων υπηρεσιών υγειονομικής περίθαλψης | διαχείριση των κατάλληλων φαρμάκων,"Προσδιορισμός και επιλογή των κατάλληλων προληπτικών και θεραπευτικών υπηρεσιών ή φορέων που προσφέρουν υπηρεσίες υγειονομικής περίθαλψης, και ασφαλής διαχείριση των κατάλληλων φαρμάκων.
	",http://data.europa.eu/esco/skill/3d54fec5-d9cb-45a0-bf8d-ffaf3790a5bb,Εφαρμογή δεξιοτήτων και ικανοτήτων στον τομέα της υγείας
KnowledgeSkillCompetence,http://data.europa.eu/esco/skill/896a5e0c-7ac9-4e59-a9bf-17fdca6b1c37,skill/competence,transversal,προώθηση των αρχών της δημοκρατίας και του κράτους δικαίου,released,υποστήριξη της ισότητας των φύλων | υποστήριξη της δημοκρατίας | αντιμετώπιση των διακρίσεων | καταπολέμηση των διακρίσεων | κατανόηση των κοινών ευρωπαϊκών αξιών | προώθηση μιας κουλτούρας μη βίας | υποστήριξη της ενσωμάτωσης της διάστασης του φύλου | εφαρμογή πολιτικών ισότητας,"Ανάληψη ενεργού ρόλου στην προώθηση των αρχών της δημοκρατίας, της κοινωνικής δικαιοσύνης και του κράτους δικαίου. Καταπολέμηση των διακρίσεων λόγω εθνοτικής, πολιτισμικής ή σεξουαλικής ταυτότητας ή προσανατολισμού, καθώς και κοινωνικού, εκπαιδευτικού ή οικονομικού υπόβαθρου, με την αξιολόγηση και την αναφορά των συνεπειών που έχει για τις διάφορες ομάδες κάθε σχεδιαζόμενη δράση, συμπεριλαμβανομένων νομοθετικών διατάξεων, πολιτικών ή προγραμμάτων.
	",http://data.europa.eu/esco/skill/d6e97b91-b75d-45f5-8566-667798957b0f,Εφαρμογή δεξιοτήτων και ικανοτήτων στον τομέα των κοινών
KnowledgeSkillCompetence,http://data.europa.eu/esco/skill/93350886-a21b-4e61-a1b1-319a325c0f90,skill/competence,transversal,δημιουργική έκφραση,released,"επίδειξη αίσθησης του ρυθμού | ενασχόληση με την καλλιτεχνική αυτοέκφραση | χορός | έκφραδη ιδελων, εμπειριών και συναισθημάτων δημιουργικά | τραγούδι | ζωγραφική | σχέδιο | παίξιμο μουσικών οργάνων","Ικανότητα χρήσης του τραγουδιού, του χορού, της ορχηστρικής μουσικής, της ηθοποιίας ή των καλών τεχνών για τον σκοπό της δημιουργικής έκφρασης.
	",http://data.europa.eu/esco/skill/6115ff80-3d84-4e87-8e2b-6ede7ee004b4,Εφαρμογή δεξιοτήτων και ικανοτήτων στον πολιτιστικό τομέα
KnowledgeSkillCompetence,http://data.europa.eu/esco/skill/96de2e86-e287-41f2-88ab-15a2343afc6f,skill/competence,transversal,επίλυση διαφορών,released,επίδειξη προθυμίας για συμβιβασμό | επίτευξη συναίνεσης | επίτευξη συμβιβασμού | διαχείριση των συγκρούσεων,"Μεσολάβηση σε συγκρούσεις και τεταμένες καταστάσεις ενεργώντας μεταξύ των μερών, επιδιώκοντας την επίτευξη συμφωνίας, τη συμφιλίωση και την επίλυση προβλημάτων. Διευθέτηση μιας σύγκρουσης κατά τρόπο ώστε κανένα από τα θύματα να μην νιώθει ότι έτυχε κακής μεταχείρισης και αποφυγή των διαφωνιών εκ των προτέρων.
	",http://data.europa.eu/esco/skill/6f142deb-03a9-4cd7-94ce-e0f023ae2169,Επικοινωνία
KnowledgeSkillCompetence,http://data.europa.eu/esco/skill/98a999db-72d5-4657-a0b0-2f850afd4368,skill/competence,transversal,εκτίμηση της ποικιλόμορφης πολιτιστικής και καλλιτεχνικής έκφρασης,released,Αίσθηση για την αισθητική | εκτίμηση της  πολιτιστικής κληρονομιάς | επίδειξη πολιτιστικής συνείδησης | εκτίμηση τωνκαλλιτεχνικών εκφράσεων,"Επίδειξη αισθητικής ευαισθησίας, ενδιαφέροντος και ανοικτού πνεύματος σε καλλιτεχνικές εκφράσεις από διαφορετικά πολιτιστικά περιβάλλοντα.
	",http://data.europa.eu/esco/skill/6115ff80-3d84-4e87-8e2b-6ede7ee004b4,Εφαρμογή δεξιοτήτων και ικανοτήτων στον πολιτιστικό τομέα
KnowledgeSkillCompetence,http://data.europa.eu/esco/skill/9bf266a6-188b-4d17-a22f-2f266d76832b,skill/competence,transversal,επίδειξη βούλησης για μάθηση,released,,Επίδειξη θετικής στάσης απέναντι σε νέα και απαιτητικά αιτήματα που μπορούν να ικανοποιηθούν μόνο μέσω της διά βίου μάθησης.,http://data.europa.eu/esco/skill/f5c9eef3-0495-4747-9519-d71a58d252bd,Επίδειξη βούλησης για μάθηση
KnowledgeSkillCompetence,http://data.europa.eu/esco/skill/9c0f93f7-2592-4d4d-9673-fd640502345f,skill/competence,transversal,"χρήση εξοπλισμού, εργαλείων ή τεχνολογίας με ακρίβεια",released,χρήση εργαλείων χειρός | πραγματοποίησηχειρωνακτικών δραστηριοτήτων | επίδειξη τεχνικής οξυδέρκειας | χρήση οργάνων ακριβείας,"Χρήση αντικειμένων, εργαλείων, οργάνων ακριβείας ή εξοπλισμού ανεξάρτητα για την εκτέλεση χειρωνακτικών δραστηριοτήτων, με ή χωρίς ελάχιστη εκπαίδευση.
	",http://data.europa.eu/esco/skill/ccb6db6a-8538-431c-b740-5f241bdb71cf,Χειρισμός και έλεγχος αντικειμένων και εξοπλισμού
KnowledgeSkillCompetence,http://data.europa.eu/esco/skill/9cfd2219-553c-4d67-81e5-951e87c65135,skill/competence,transversal,διατήρηση της συγκέντρωσης για μεγάλο χρονικό διάστημα,released,,"Διατήρηση της συγκέντρωσης για μεγάλο χρονικό διάστημα, ώστε να λαμβάνονται σωστές και κατάλληλες αποφάσεις.",http://data.europa.eu/esco/skill/14c41899-0224-4cbc-bd8c-e946ada2da87,Αποδοτική εργασία
KnowledgeSkillCompetence,http://data.europa.eu/esco/skill/a628d2d1-f40a-4c37-a357-2801726f2996,skill/competence,transversal,εντοπισμός προβλημάτων,released,ανίχνευση προβλημάτων | προβλήματα σήματος | διάγνωση προβλημάτων,"Εντοπισμός και ανίχνευση προβλημάτων και ζητημάτων και λήψη αποφάσεων σχετικά με τον βέλτιστο τρόπο δράσης. Αναφορά προβλημάτων αναλόγως, όταν χρειάζεται.
	",http://data.europa.eu/esco/skill/13d301d0-98cb-414f-a8f9-a3f059228133,Αντιμετώπιση προβλημάτων
KnowledgeSkillCompetence,http://data.europa.eu/esco/skill/a68bdf1e-b325-4880-b456-192c2891931a,skill/competence,transversal,διατήρηση φυσικής κατάστασης,released,διατήρησητης φυσικής σας κατάστασης | υιοθέτηση ενός υγιεινού τρόπου ζωής | προληπτική εφαρμογή υγιεινών συμπεριφορών,"Υιοθέτηση και εφαρμογή προληπτικών υγιεινών συμπεριφορών, συμπεριλαμβανομένης της τακτικής σωματικής άσκησης, της υγιούς ρουτίνας ύπνου και της υγιεινής διατροφής.
	",http://data.europa.eu/esco/skill/3d54fec5-d9cb-45a0-bf8d-ffaf3790a5bb,Εφαρμογή δεξιοτήτων και ικανοτήτων στον τομέα της υγείας
KnowledgeSkillCompetence,http://data.europa.eu/esco/skill/adc6dc11-3376-467b-96c5-9b0a21edc869,skill/competence,transversal,επίλυση προβλημάτων,released,ανάπτυξη στρατηγικής για την επίλυση προβλημάτων | δημιουργία λύσεων στα προβλήματα | σχεδιασμός στρατηγικής για την επίλυση προβλημάτων | επίδειξη δεξιοτήτων επίλυσης προβλημάτων | δημιουργία στρατηγικών για την επίλυση προβλημάτων | ανάπτυξη στρατηγικών για την επίλυση προβλημάτων | εφαρμογή της επίλυσης προβλημάτων | διαχείριση προβλημάτων | διαισθητική δράση,"Εξεύρεση λύσεων σε πρακτικά, λειτουργικά ή εννοιολογικά προβλήματα σε ευρύ φάσμα πλαισίων.
	",http://data.europa.eu/esco/skill/13d301d0-98cb-414f-a8f9-a3f059228133,Αντιμετώπιση προβλημάτων
KnowledgeSkillCompetence,http://data.europa.eu/esco/skill/b00e948c-19be-4951-8cff-60f88f1046e9,skill/competence,transversal,ανάθεση αρμοδιοτήτων,released,κατανομή αρμοδιοτήτων,"Ανάθεση αρμοδιοτήτων, δραστηριοτήτων και καθηκόντων σε άλλους ανάλογα με τις ικανότητες, το επίπεδο προετοιμασίας και τις δεξιότητες. Μέριμνα ώστε οι πολίτες να κατανοούν τι πρέπει να κάνουν και πότε θα πρέπει να το κάνουν.
	",http://data.europa.eu/esco/skill/fe5eabaa-63f6-4c44-b405-fc3ded8d56cb,Άσκηση ηγετικού ρόλου
KnowledgeSkillCompetence,http://data.europa.eu/esco/skill/b080a008-a35d-4bd0-92e9-edf3773bb2b7,skill/competence,transversal,χρήση λογισμικού επικοινωνίας και συνεργασίας,released,επικοινωνία σε ψηφιακά περιβάλλοντα | επικοινωνία on-line | αλληλεπίδραση μέσω των ΤΠΕ | Διαδικτυακή απικοινωνία | χρήση λογισμικού και υπηρεσιών ηλεκτρονικού ταχυδρομείου,"Χρήση απλών ψηφιακών εργαλείων και τεχνολογιών για την επικοινωνία, την αλληλεπίδραση και τη συνεργασία με άλλους.
	",http://data.europa.eu/esco/skill/3399045f-8078-4066-8b46-475b49b260ab,Εργασία με ψηφιακές συσκευές και εφαρμογές
KnowledgeSkillCompetence,http://data.europa.eu/esco/skill/b19e0820-a96f-4c0a-a724-3c056180c1b3,skill/competence,transversal,οικοδόμηση ομαδικού πνεύματος,released,δημιουργία ομάδας έργου | οικοδόμηση ομάδας | σχεδιασμός ομαδικού πνεύματος | οργάνωση ομάδας,"Οικοδόμηση σχέσης αμοιβαίας εμπιστοσύνης, σεβασμού και συνεργασίας μεταξύ των μελών της ίδιας ομάδας.
	",http://data.europa.eu/esco/skill/fe5eabaa-63f6-4c44-b405-fc3ded8d56cb,Άσκηση ηγετικού ρόλου
KnowledgeSkillCompetence,http://data.europa.eu/esco/skill/b40584aa-7c63-4eed-9422-a9798fb95fdc,skill/competence,transversal,αυτοσχεδιασμός,released,επίδειξη ικανότητας αυτοσχεδιασμού | επίδειξη ταλέντου στον αυτοσχεδιασμό,"Ικανότητα αυτοσχεδιασμού και άμεσης αντίδρασης χωρίς προγραμματισμό πριν από καταστάσεις που δεν γνωρίζατε προηγουμένως.
	",http://data.europa.eu/esco/skill/e84d080a-ff6d-41a7-b7b9-133e97c7bf00,Δημιουργική και καινοτόμος σκέψη
KnowledgeSkillCompetence,http://data.europa.eu/esco/skill/b618584f-6bdf-4d8f-89a7-f28c2c95afc2,skill/competence,transversal,συμμόρφωση με κανονισμούς,released,συμμόρφωση με τη νομοθεσία ή τις πολιτικές | συμμόρφωση με τις νομοθετικές διατάξεις | εργασία με στοχαστικό τρόπο | εφαρμογή των οδηγιών και των διαδικασιών,"Τήρηση και συμμόρφωση με τους κανόνες, τους κανονισμούς και τις κατευθυντήριες γραμμές που αφορούν συγκεκριμένο πεδίο ή τομέα και εφαρμογή τους στην καθημερινή σας εργασία.
	",http://data.europa.eu/esco/skill/925af2b5-2f4d-4cce-92cc-79e1ff887c7d,Τήρηση κώδικα δεοντολογίας
KnowledgeSkillCompetence,http://data.europa.eu/esco/skill/b6bdf202-524f-475d-b813-2aa9af005c37,skill/competence,transversal,μετακίνηση αντικειμένων,released,αναρρίχηση | αποθήκευση αγαθών | μετακίνηση και άρση αντικειμένων | εκτέλεση σωματικών δραστηριοτήτων | φόρτωση και εκφόρτωση αγαθών και υλικών,"Εκτέλεση σωματικών δραστηριοτήτων για τη μετακίνηση, φόρτωση, εκφόρτωση ή αποθήκευση αντικειμένων, ή για την αναρρίχηση σε κατασκευές, με τα χέρια ή με τη βοήθεια εξοπλισμού.
	",http://data.europa.eu/esco/skill/ccb6db6a-8538-431c-b740-5f241bdb71cf,Χειρισμός και έλεγχος αντικειμένων και εξοπλισμού
KnowledgeSkillCompetence,http://data.europa.eu/esco/skill/ba93b71b-c433-4a01-8246-ed2daa85a9a2,skill/competence,transversal,πραγματοποίηση αναζητήσεων στο διαδίκτυο,released,χρήση μηχανής αναζήτησης | χρήση του αναζήτηση google | χρήση του yahoo! αναζήτηση | αναζήτηση πληροφοριών στο διαδίκτυο | χρήση του bing,"Αναζήτηση δεδομένων, πληροφοριών και περιεχομένου μέσω απλών αναζητήσεων σε ψηφιακά περιβάλλοντα.
	",http://data.europa.eu/esco/skill/3399045f-8078-4066-8b46-475b49b260ab,Εργασία με ψηφιακές συσκευές και εφαρμογές
KnowledgeSkillCompetence,http://data.europa.eu/esco/skill/bc0b0b5d-f6be-405a-b224-b6902a4dbe97,skill/competence,cross-sector,διαχείριση ψηφιακής ταυτότητας,released,διαχείριση ψηφιακών ταυτοτήτων | δημιουργία ψηφιακών ταυτοτήτων,"Δημιουργία και διαχείριση μίας ή πολλαπλών ψηφιακών ταυτοτήτων, ικανότητα προστασίας της προσωπικής φήμης, χειρισμός των δεδομένων που παράγονται μέσω διαφόρων ψηφιακών εργαλείων, περιβαλλόντων και υπηρεσιών.",http://data.europa.eu/esco/skill/574257ea-7b64-4100-b7b6-e27c233fe143 | http://data.europa.eu/esco/skill/3399045f-8078-4066-8b46-475b49b260ab,ψηφιακή επικοινωνία και συνεργασία | Εργασία με ψηφιακές συσκευές και εφαρμογές
KnowledgeSkillCompetence,http://data.europa.eu/esco/skill/bcf002ce-90f8-42e5-ac1b-5dba208639b0,skill/competence,transversal,επίδειξη αξιοπιστίας,released,δημιουργία εμπιστοσύνης | ειλικρίνεια | αξιοπιστία,"Επίδειξη εντιμότητας, ακεραιότητας και αξιοπιστίας στον χώρο εργασίας. Επίδειξη αφοσίωσης στην ομάδα και τον οργανισμό σας και απόδειξη της αξιοπιστίας σας.
	",http://data.europa.eu/esco/skill/925af2b5-2f4d-4cce-92cc-79e1ff887c7d,Τήρηση κώδικα δεοντολογίας
KnowledgeSkillCompetence,http://data.europa.eu/esco/skill/bdcf429c-5ccf-4c3d-bb61-4c987573a35e,skill/competence,transversal,επίδειξη επιχειρηματικού πνεύματος,released,εντοπισμός ευκαιριών | επίδειξη επιχειρηματικότητα | επιδίωξη ευκαιριών | επίδειξη προθυμίας ανάληψης ρίσκου,"Ανάπτυξη, οργάνωση και διαχείριση ιδιόκτητης επιχείρησης, εντοπισμός και αναζήτηση ευκαιριών και κινητοποίηση πόρων, λαμβανομένης υπόψη της προοπτικής κερδοφορίας. Επίδειξη προορατικής στάσης και αποφασιστικότητας για την επιτυχία στις επιχειρήσεις
	",http://data.europa.eu/esco/skill/6c6957bf-cf1f-4483-9c7e-1655f251b01a,Εφαρμογή επιχειρηματικών και οικονομικών δεξιοτήτων και ικανοτήτων
KnowledgeSkillCompetence,http://data.europa.eu/esco/skill/be6ab363-3de1-427f-a8ef-85d5b0250822,skill/competence,transversal,αναφορά γεγονότων,released,,Μεταφορά πληροφοριών ή προφορική αφήγηση γεγονότων.,http://data.europa.eu/esco/skill/6f142deb-03a9-4cd7-94ce-e0f023ae2169,Επικοινωνία
KnowledgeSkillCompetence,http://data.europa.eu/esco/skill/bf4d884f-c848-402a-b130-69c266b04164,skill/competence,transversal,εφαρμογή βασικών δεξιοτήτων προγραμματισμού,released,χρήση βασικών δεξιοτήτων κωδικοποίησης | χρήση γλωσσών καταγραφής ερωτημάτων,"Παράθεση απλών οδηγιών για ένα υπολογιστικό σύστημα για την επίλυση προβλημάτων ή την εκτέλεση εργασιών σε βασικό επίπεδο και με κατάλληλη καθοδήγηση όπου χρειάζεται.
	",http://data.europa.eu/esco/skill/3399045f-8078-4066-8b46-475b49b260ab,Εργασία με ψηφιακές συσκευές και εφαρμογές
KnowledgeSkillCompetence,http://data.europa.eu/esco/skill/bf983f2a-e941-4646-811d-cc81060cb53f,skill/competence,transversal,δημιουργία κοινωνικών δικτύων,released,δημιουργία επαφών | δημιουργία δικτύων | διατήρηση επαφής με άλλους | οικοδόμηση αποτελεσματικών σχέσεων | ικανότητα δικτύωσης | διατήρηση δικτύων,"Επίδειξη ικανότητας οικοδόμησης αποτελεσματικών σχέσεων, ανάπτυξης και διατήρησης συμμαχιών, επαφών ή συμπράξεων, και ανταλλαγής πληροφοριών με άλλους.
	",http://data.europa.eu/esco/skill/036afa6e-cdde-4b38-a53a-8e7910a840e1,Συνεργασία σε ομάδες και δίκτυα
KnowledgeSkillCompetence,http://data.europa.eu/esco/skill/c10d5d87-36cf-42f5-8a12-e560fb5f4af8,skill/competence,transversal,επίδειξη διαπολιτισμικών δεξιοτήτων,released,,"Κατανόηση και σεβασμός προς ανθρώπους που θεωρείται ότι έχουν διαφορετικές πολιτισμικές συγγένειες, και ανταπόκριση με αποτελεσματικότητα και σεβασμό.",http://data.europa.eu/esco/skill/036afa6e-cdde-4b38-a53a-8e7910a840e1,Συνεργασία σε ομάδες και δίκτυα
KnowledgeSkillCompetence,http://data.europa.eu/esco/skill/c29aa9d2-4da8-4bdd-831c-8d4a2fb51730,skill/competence,transversal,ανεξάρτητη εργασία,released,,"Ανάπτυξη προσωπικού τρόπου εργασίας, ατομική παρακίνηση με ελάχιστη ή μηδενική εποπτεία και ατομική ανεξαρτησία για την διεκπεραίωση εργασιών και υποχρεώσεων.",http://data.europa.eu/esco/skill/14c41899-0224-4cbc-bd8c-e946ada2da87,Αποδοτική εργασία
KnowledgeSkillCompetence,http://data.europa.eu/esco/skill/c2a0c52c-0b4b-4180-a918-92650ea3b458,skill/competence,transversal,καινοτόμος σκέψη,released,εφαρμογή μελλοντικής σκέψης | καινοτομία | επίδειξη πρωτοποριακού πνεύματος | σκεφτείτε μπροστά | διαμόρφωση του μέλλοντος | εφευρετικότητα,"Ανάπτυξη ιδεών ή συμπερασμάτων που οδηγούν στη δημιουργία και την εφαρμογή καινοτομιών ή αλλαγών.
	",http://data.europa.eu/esco/skill/e84d080a-ff6d-41a7-b7b9-133e97c7bf00,Δημιουργική και καινοτόμος σκέψη
KnowledgeSkillCompetence,http://data.europa.eu/esco/skill/c4180af3-befd-4bd8-9a65-6a496f9d9f15,skill/competence,transversal,επίδειξη επίγνωσης των κινδύνων για την υγεία,released,"πλήρωση των απαιτήσεων υγείας και ασφάλειας | εργασία με ασφάλεια με επικίνδυνα υλικά | ωνώση των επιπτώσεων των ναρκωτικών και του αλκοόλ σε άτομα, οικογένειες και κοινότητες | εφαρμογή εργονομίας | εφαρμογή των κανονισμών ασφάλειας στο χώρο εργασίας | διαχείριση του κινδύνου για την υγεία","Ικανότητα αξιολόγησης και διαχείρισης των κινδύνων για την προσωπική υγεία, για παράδειγμα τηρώντας τις προφυλάξεις ασφαλείας στις εργασιακές πρακτικές, εφαρμόζοντας μέτρα πυροπροστασίας, τηρώντας και εφαρμόζοντας την εργονομία και λαμβάνοντας υπόψη τις επιπτώσεις των ναρκωτικών και του αλκοόλ στα άτομα, τις οικογένειες και τις κοινότητες.
	",http://data.europa.eu/esco/skill/3d54fec5-d9cb-45a0-bf8d-ffaf3790a5bb,Εφαρμογή δεξιοτήτων και ικανοτήτων στον τομέα της υγείας
KnowledgeSkillCompetence,http://data.europa.eu/esco/skill/c624c6a3-b0ba-4a31-a296-0d433fe47e41,skill/competence,transversal,δημιουργική σκέψη,released,,"Παραγωγή νέων ιδεών ή συνδυασμός υφιστάμενων για την ανάπτυξη καινοτόμων, πρωτότυπων λύσεων.",http://data.europa.eu/esco/skill/e84d080a-ff6d-41a7-b7b9-133e97c7bf00,Δημιουργική και καινοτόμος σκέψη
KnowledgeSkillCompetence,http://data.europa.eu/esco/skill/d56e2c2f-3e01-4b76-a7bb-ecb6d430172f,skill/competence,transversal,ολιστική σκέψη,released,προσδιορισμόςι βασικών ζητημάτων σε περίπλοκες καταστάσεις | προσδιορισμός αλληλεπιδράσεων | επίδειξη ολιστικής σκέψης | εφαρμογή της εννοιολογικής σκέψη | κατανόηση πολύπλοκων διαδικασιών | αναγνώριση συνδέσεων | κατανόηση της πολυπλοκότητας | εφαρμογή της συστημικής σκέψης,"Συνεκτίμηση των έμμεσων και μακροπρόθεσμων συνεπειών κατά τον σχεδιασμό και τη λήψη αποφάσεων. Εξέταση των επιπτώσεων σε άλλους ανθρώπους, διαδικασίες και το περιβάλλον και συμπερίληψη των επιπτώσεων αυτών στον σχεδιασμό σας.
	",http://data.europa.eu/esco/skill/fff1d675-c36a-4c12-9cd4-407f21ccd06a,"Επεξεργασία πληροφοριών, ιδεών και εννοιών"
KnowledgeSkillCompetence,http://data.europa.eu/esco/skill/d62d2b4c-a6f8-439e-8a1b-4f29ab5f2c47,skill/competence,transversal,λήψη αποφάσεων,released,,Επιλογή μεταξύ διαφόρων εναλλακτικών δυνατοτήτων.,http://data.europa.eu/esco/skill/91860993-1a8b-4473-91f3-600aa1924bd0,Προδραστική προσέγγιση
KnowledgeSkillCompetence,http://data.europa.eu/esco/skill/d822b4b2-26c7-4bd9-970d-229c6504f615,skill/competence,transversal,δημιουργία ψηφιακού περιεχομένου,released,,"Δημιουργία και επεξεργασία απλών στοιχείων ψηφιακού περιεχομένου, όπου χρειάζεται με καθοδήγηση.
  ",http://data.europa.eu/esco/skill/3399045f-8078-4066-8b46-475b49b260ab,Εργασία με ψηφιακές συσκευές και εφαρμογές
KnowledgeSkillCompetence,http://data.europa.eu/esco/skill/d9013e0e-e937-43d5-ab71-0e917ee882b8,skill/competence,transversal,διαχείριση χρόνου,released,,"Προγραμματισμός της χρονικής ακολουθίας εκδηλώσεων, προγραμμάτων και δραστηριοτήτων, καθώς και της εργασίας άλλων.",http://data.europa.eu/esco/skill/14c41899-0224-4cbc-bd8c-e946ada2da87,Αποδοτική εργασία
KnowledgeSkillCompetence,http://data.europa.eu/esco/skill/d9449998-c1f5-478c-a103-2255398cf0b6,skill/competence,transversal,εφαρμογή προτύπων υγιεινής,released,συμμόρφωση με τις υγιεινές πρακτικές εργασίας | εφαρμογή των πρακτικών υγιεινής εργασίας | εντοπισμός κινδύνων για την υγιεινή | φροντίδα για την καθαριότητα | φροντίδα για την υγιεινή | φροντίδα της υγιεινής,"Ανάληψη προσωπικής ευθύνης για τη διασφάλιση ασφαλούς και μη μολυσματικού εργασιακού και βιοτικού περιβάλλοντος, συμπεριλαμβανομένης της χρήσης μάσκας, απολυμαντικών και γενικής προσωπικής υγιεινής.
	",http://data.europa.eu/esco/skill/3d54fec5-d9cb-45a0-bf8d-ffaf3790a5bb,Εφαρμογή δεξιοτήτων και ικανοτήτων στον τομέα της υγείας
KnowledgeSkillCompetence,http://data.europa.eu/esco/skill/db33c0f3-43ee-4ba3-ba47-9269ac837697,skill/competence,transversal,κριτική αξιολόγηση πληροφοριών και των πηγών τους,released,κατανόηση του ρόλου των μέσων ενημέρωσης στις δημοκρατικές κοινωνίες | έλεγχος γεγονότων | αξιολόγηση πληροφοριών | επαλήθευση πληροφοριών | επαλήθευση της πηγής των πληροφοριών | ανίχνευση προκατάληψης,"Ικανότητα αξιολόγησης και ανάλυσης πληροφοριών και των πηγών τους. Επίδειξη ικανότητας πρόσβασης και κριτικής κατανόησης τόσο παραδοσιακών όσο και νέων μορφών μέσων ενημέρωσης, καθώς και του ρόλου και της λειτουργίας τους στις δημοκρατικές κοινωνίες.
	",http://data.europa.eu/esco/skill/d6e97b91-b75d-45f5-8566-667798957b0f,Εφαρμογή δεξιοτήτων και ικανοτήτων στον τομέα των κοινών
KnowledgeSkillCompetence,http://data.europa.eu/esco/skill/dcc99418-d896-4b3b-8596-658093a17a8f,skill/competence,transversal,διαχείριση χρόνιων παθήσεων,released,"αναζήτηση της  κατάλληλης φροντίδας | χρήση βοηθημάτων ακοής, όρασης ή βάδισης","Προσδιορισμός και χρήση τρόπων για την ελαχιστοποίηση των αρνητικών επιπτώσεων των χρόνιων παθήσεων, συμπεριλαμβανομένης της χρήσης βοηθημάτων όρασης, ακοής και βάδισης, κατάλληλων φαρμάκων και επαρκούς κοινωνικής και ιατρικής υποστήριξης.
	",http://data.europa.eu/esco/skill/3d54fec5-d9cb-45a0-bf8d-ffaf3790a5bb,Εφαρμογή δεξιοτήτων και ικανοτήτων στον τομέα της υγείας
KnowledgeSkillCompetence,http://data.europa.eu/esco/skill/deb3c1bc-d48a-42e6-b0cc-cb238534ec28,skill/competence,transversal,εφαρμογή γνώσεων κοινωνικών και ανθρωπιστικών επιστημών,released,κατανόηση του  ρόλου των κοινωνικών κινημάτων στην κοινωνία | επίδειξη γνώσης της ευρωπαϊκής ιστορίας | επίδειξη κοινωνικής γνώσης | επίδειξη ενδιαφέροντος για την πολιτική,"Επίδειξη κατανόησης του χαρακτήρα, της πολυφωνίας και της λειτουργίας των κοινωνικών και πολιτικών ομάδων, καθώς και της σχέσης τους με την κοινωνικοοικονομική διάσταση της κοινωνίας. Κατανόηση του ρόλου και της θέσης των ατόμων στην κοινωνία.
	",http://data.europa.eu/esco/skill/44ff6716-7d71-4a16-821b-61d10e9e290d,Εφαρμογή γενικών γνώσεων
KnowledgeSkillCompetence,http://data.europa.eu/esco/skill/df5e3d02-9f0f-44ee-91c2-85c62f161868,skill/competence,transversal,"προώθηση ιδεών, προϊόντων ή υπηρεσιών",released,πειθώ | ικανότητα κλεισίματος των πωλήσεων τακτικά και με σιγουριά | επηρεασμός στις αποφάσεις άλλων | επηρεασμός άλλων | ικανοποίηση από την πώληση,"Παρουσίαση και διαφήμιση προϊόντων, προγραμμάτων και υπηρεσιών με στόχο την άσκηση πειθούς και επιρροής σε άλλους.
	",http://data.europa.eu/esco/skill/6f142deb-03a9-4cd7-94ce-e0f023ae2169,Επικοινωνία
KnowledgeSkillCompetence,http://data.europa.eu/esco/skill/e2d44a9b-f28c-489e-9861-b654b5ded507,skill/competence,transversal,κινητοποίηση άλλων ατόμων,released,,Κατεύθυνση της συμπεριφοράς άλλων ανθρώπων με την παροχή πειστικού λόγου για την ανάληψη δράσης.,http://data.europa.eu/esco/skill/fe5eabaa-63f6-4c44-b405-fc3ded8d56cb,Άσκηση ηγετικού ρόλου
KnowledgeSkillCompetence,http://data.europa.eu/esco/skill/e37d64dc-0f05-4ee8-b065-bf76f70d8f5c,skill/competence,transversal,τήρηση υποχρεώσεων εμπιστευτικότητας,released,τήρηση μυστικών πληροφοριών | διασφάλιση της ιδιωτικής ζωής | διακριτικότητα | συμμόρφωση με τις υποχρεώσεις εμπιστευτικότητας | προστασία της ιδιωτικής ζωής | χειρισμός ευαίσθητων πληροφοριών | διασφάλιση απόλυτης διακριτικότητας,"Τήρηση της αναγκαίας διακριτικής ευχέρειας και αυτοσυγκράτησης κατά τον χειρισμό εμπιστευτικών, μυστικών ή δυσάρεστων πληροφοριών.
	",http://data.europa.eu/esco/skill/925af2b5-2f4d-4cce-92cc-79e1ff887c7d,Τήρηση κώδικα δεοντολογίας
KnowledgeSkillCompetence,http://data.europa.eu/esco/skill/e49f4158-9d4c-425d-bf32-dfe89b19840a,skill/competence,transversal,σχεδιασμός,released,εκτέλεση προγραμματισμού | σχεδιασμός δραστηριοτήτων,"Διαχείριση του χρονοδιαγράμματος και των πόρων για την έγκαιρη ολοκλήρωση καθηκόντων.
	",http://data.europa.eu/esco/skill/66fdc34c-2326-4baa-b8ff-7a1d1015fe3a,Σχεδιασμός και οργάνωση
KnowledgeSkillCompetence,http://data.europa.eu/esco/skill/ef7562b2-f176-4d7c-a0b2-27ae8cce0b7d,skill/competence,transversal,αντίδραση σε φυσικές μεταβολές ή κινδύνους,released,επίδειξη ανταπόκρισης | επίδειξη ευελιξίας,"Ταχεία και κατάλληλη αντίδραση και ανταπόκριση σε εξωτερικές ή εσωτερικές συνθήκες και ερεθίσματα.
	",http://data.europa.eu/esco/skill/e52389a2-1a05-45b0-8db3-4bda0f0c0b48,Ανταπόκριση σε φυσικές συνθήκες
KnowledgeSkillCompetence,http://data.europa.eu/esco/skill/f4346299-e22a-4686-8e61-2c9b0cd51c7d,skill/competence,transversal,εφαρμογή μέτρων ψηφιακής ασφάλειας,released,χρήση λογισμικού προστασίας από ιούς | αφαίρεση ιών και κακόβουλου λογισμικού από έναν υπολογιστή | προστασία ψηφιακών συσκευών | επικαιροποίηση των μέτρων διαδικτυακής ασφάλειας | προστασία των συσκευών ΤΠΕ | προστασία των προσωπικών δεδομένων,"Εφαρμογή απλών τρόπων προστασίας των ψηφιακών συσκευών και του ψηφιακού περιεχομένου.
	",http://data.europa.eu/esco/skill/3399045f-8078-4066-8b46-475b49b260ab,Εργασία με ψηφιακές συσκευές και εφαρμογές
KnowledgeSkillCompetence,http://data.europa.eu/esco/skill/f4bcdb75-df28-441d-a52b-9730904f36a1,skill/competence,transversal,άσκηση δικαιωμάτων και ευθυνών,released,επίδειξη ενδιαφέροντος για τα τρέχοντα γεγονότα | συμμετοχή στη δημοκρατική λήψη αποφάσεων,"Επίγνωση και χρήση των συνταγματικών και νομικών δικαιωμάτων, συμπεριλαμβανομένου του καθήκοντος τήρησης του νόμου, της καταβολής φόρων και της παροχής βοήθειας, καθώς και του δικαιώματος ψήφου, του δικαιώματος του εκλέγεσθαι ή του δικαιώματος παρουσίας συνηγόρου υπεράσπισης σε δίκη.
	",http://data.europa.eu/esco/skill/d6e97b91-b75d-45f5-8566-667798957b0f,Εφαρμογή δεξιοτήτων και ικανοτήτων στον τομέα των κοινών
KnowledgeSkillCompetence,http://data.europa.eu/esco/skill/fa46a48d-9cb9-422d-afab-1047654dbcdd,skill/competence,transversal,απομνημόνευση πληροφοριών,released,μνημονικές αρχές | απομπνημόνευση πληροφοριών | απομνημονεύστε πληροφορίες | διαδικασίες απομνημόνευσης,"Αποθήκευση πληροφοριών, όπως λέξεις, αριθμοί, εικόνες και διαδικασίες για μεταγενέστερη ανάκτηση.",http://data.europa.eu/esco/skill/fff1d675-c36a-4c12-9cd4-407f21ccd06a,"Επεξεργασία πληροφοριών, ιδεών και εννοιών"
KnowledgeSkillCompetence,http://data.europa.eu/esco/skill/fd89f784-88dc-4d35-abd7-86aa073cab12,skill/competence,transversal,ανοικτό μυαλό,released,/ανοιχτόμυαλη | αποδοχή των άλλων | επίδειξη ελευθερίας από προκαταλήψεις | απόκτηση νέων ιδεών και εμπειριών | το να είσαι ανοιχτόμυαλος,"Επίδειξη ενδιαφέροντος και ανοικτής διάθεσης στα προβλήματα άλλων.
	",http://data.europa.eu/esco/skill/f5c9eef3-0495-4747-9519-d71a58d252bd,Επίδειξη βούλησης για μάθηση
